gif_path,orig_frames,comp_frames,dropped,drop_pct,width,height,has_transparency,disposal,orig_duration_ms,comp_duration_ms,duration_preserved,file_size_kb,status
/Users/lachlants/Documents/GIFs/Website/lunar-new-year-2024-hk-vn-sg-6753651837109996-law.gif,3,3,0,0.0,500,200,True,0,600,,,160,ok
/Users/lachlants/Documents/GIFs/Website/64e57f8915d0d761adf6173c_gif_ALIEN_BOOGIE_WEB 1-02.gif,6,6,0,0.0,225,220,True,0,1200,,,59,ok
/Users/lachlants/Documents/GIFs/Website/demo2.9df5a0e5a9f1d72715e0.gif,162,-1,-1,-1.0,2396,1548,False,0,15990,,,1840,engine_silent_failure
/Users/lachlants/Documents/GIFs/Website/chat.gif,105,-1,-1,-1,1100,720,True,0,6990,,,6355,skipped_too_large
/Users/lachlants/Documents/GIFs/Website/clickup.gif,30,-1,-1,-1.0,400,225,True,0,3000,,,1505,engine_silent_failure
/Users/lachlants/Documents/GIFs/Website/www.usemotion.com:blog:pomodoro-technique.gif,309,309,0,0.0,1192,1080,True,0,12540,,,596,ok
/Users/lachlants/Documents/GIFs/Website/dancer.gif,18,18,0,0.0,1142,1872,True,0,1440,,,334,ok
/Users/lachlants/Documents/GIFs/Website/https___dev-to-uploads.s3.amazonaws.com_uploads_articles_l71eof2w28tn36ahi112.gif,124,-1,-1,-1.0,1118,734,False,0,11980,,,2067,engine_silent_failure
/Users/lachlants/Documents/GIFs/Website/fixkey_ai.gif,155,150,5,3.2,774,680,True,0,16170,16170,True,809,ok
/Users/lachlants/Documents/GIFs/Website/bauerfeind.com.au:products:sports-knee-brace?variant=41866420125744.gif,216,-1,-1,-1,480,270,True,0,14390,,,5428,skipped_too_large
/Users/lachlants/Documents/GIFs/Website/64e57f8915d0d761adf61735_gif_ALIEN_WARP_WEB-05.gif,6,6,0,0.0,300,379,True,0,600,,,83,ok
/Users/lachlants/Documents/GIFs/Website/71xkeTePFRL.gif,60,60,0,0.0,2150,240,True,0,2400,,,206,ok
/Users/lachlants/Documents/GIFs/Website/not-found.1cf82301.gif,7,7,0,0.0,768,512,False,0,3500,,,873,ok
/Users/lachlants/Documents/GIFs/Website/rcs-evolution.gif,47,47,0,0.0,728,90,False,0,0,,,66,ok
/Users/lachlants/Documents/GIFs/Website/original.gif,50,41,9,18.0,1760,824,True,0,4000,4000,True,824,ok
/Users/lachlants/Documents/GIFs/Website/681b910e58e074aff61bfc44_68747470733a2f2f75736572696d672d6173736574732e637573746f6d6572696f6d61696c2e636f6d2f696d616765732f636c69656e742d656e762d39393639372f313734343231393633353339325f74696d65626f78696e67253230332e302532306769665f31395f303.gif,117,-1,-1,-1.0,900,722,False,0,9360,,,2759,timeout
/Users/lachlants/Documents/GIFs/Website/a77e5c36-ad54-4c88-897e-cca9118c0749.gif,48,47,1,2.1,284,450,True,0,4800,4800,True,1417,ok
/Users/lachlants/Documents/GIFs/Website/64e84ea7006ccc7100a67c78_Property 1=SUN_SPIKEY_WEB 1.gif,4,4,0,0.0,300,367,True,0,400,,,114,ok
/Users/lachlants/Documents/GIFs/test gifs/https___mcusercontent.com_89a526c8542b32391a02ddfec_images_e4c92084-1239-06e1-9564-0caf0eea7f17.gif,300,-1,-1,-1,720,480,True,0,10010,,,5954,skipped_too_large
/Users/lachlants/Documents/GIFs/test gifs/https___mcusercontent.com_09202d672e6c4a5aa81916e2c_images_de16d988-056e-797a-5438-cf1202f72c94.gif,42,-1,-1,-1.0,648,648,True,0,1710,,,2621,timeout
/Users/lachlants/Documents/GIFs/test gifs/https___mcusercontent.com_89a526c8542b32391a02ddfec_images_f37e4fb7-eb98-3a2d-c8a5-20424606d826.gif,20,20,0,0.0,1000,681,True,0,10010,,,1949,ok
/Users/lachlants/Documents/GIFs/test gifs/https___mcusercontent.com_0682bb2f1d62db2dad6a2ed4b_images_da8e365e-0401-ebab-3906-953a6fb158c3.gif,126,112,14,11.1,1080,574,True,0,5040,5040,True,665,ok
/Users/lachlants/Documents/GIFs/test gifs/https___mcusercontent.com_09202d672e6c4a5aa81916e2c_images_ea936c09-12c2-d9dd-9aea-956580b612ba.gif,3,3,0,0.0,1134,984,True,0,6000,,,687,ok
/Users/lachlants/Documents/GIFs/test gifs/https___mcusercontent.com_53222dcf7155dec475bbb4ed2_images_b3677dd3-419b-e6ba-055e-dfbd3fd864a6.gif,27,27,0,0.0,600,338,True,0,1080,,,871,ok
/Users/lachlants/Documents/GIFs/Email/https___media.wordfly.com_perthfestival_emails_camp25-tar-larsenandcarcaca_dance-gif-copy.gif,2,2,0,0.0,600,421,True,0,2600,,,176,ok
/Users/lachlants/Documents/GIFs/Email/https___media.wordfly.com_adelaidefestival_emails_mkt-insider-pulp-updates_tod-edm-af26-1-iteration-3.gif,38,38,0,0.0,600,400,True,0,3800,,,1935,ok
/Users/lachlants/Documents/GIFs/Email/https___media.wordfly.com_perthfestival_emails_camp25-or-gen-enews-clear-your-diary-karla-bidi_final-karla-bidi-gif.gif,3,3,0,0.0,648,432,True,0,3600,,,327,ok
/Users/lachlants/Documents/GIFs/Email/https___media.wordfly.com_perthfestival_emails_subscription-reminder-to-fc-members-copy_edm-opening-night-epps.gif,3,3,0,0.0,616,432,True,0,3000,,,327,ok
/Users/lachlants/Documents/GIFs/Email/https___d3b9kr64nievew.cloudfront.net_cm5tn2voc012hd6dov8pktja1_cm5tnh3ys02efq6uwwo2e900i.gif,91,-1,-1,-1.0,1776,720,True,0,4550,,,2157,timeout
/Users/lachlants/Documents/GIFs/Email/unnamed copy 15.gif,38,38,0,0.0,568,320,False,0,3800,,,1593,ok
/Users/lachlants/Documents/GIFs/Email/https___d3k81ch9hvuctc.cloudfront.net_company_X9u8pE_images_2b21621c-9be2-452a-afe8-6f635f8b835c.gif,45,45,0,0.0,568,320,True,0,4500,,,798,ok
/Users/lachlants/Documents/GIFs/Email/https___media.wordfly.com_malthousetheatre_emails_ah-2026-trans-theatre-festival-opens-next-week_trans-theatre-festival-gif.gif,3,3,0,0.0,1920,1080,True,0,3100,,,1010,ok
/Users/lachlants/Documents/GIFs/Email/https___mcusercontent.com_e1c952b5986072840856bfe76_images_6f26492b-77ba-a63e-b46b-74d8932270f3.gif,2,2,0,0.0,1920,1080,True,0,1000,,,163,ok
/Users/lachlants/Documents/GIFs/Email/https___i4.cmail19.com_ei_i_EF_1D8_332_csimport_Schwartz-MREC.161847.gif,2,2,0,0.0,300,250,True,0,6000,,,89,ok
/Users/lachlants/Documents/GIFs/Email/https___userimg-assets-eu.customeriomail.com_images_client-env-127208_1751902562784_max-float-crop_01JZJRFAQNXBVFK80C5BHY2VJ4.gif,113,112,1,0.9,1900,720,True,0,8740,8740,True,1368,ok
/Users/lachlants/Documents/GIFs/Email/https___mcusercontent.com_52cce2d9ba60a58f04e3e10db_images_ae6ec966-42da-c4c7-6174-21361310ace2.gif,7,7,0,0.0,2000,1297,True,0,3500,,,542,ok
/Users/lachlants/Documents/GIFs/Email/https___mkt.1password.co_rs_322-BWX-936_images_usability-q2-Sharing.gif,224,-1,-1,-1,1080,1080,True,0,6720,,,55431,skipped_too_large
/Users/lachlants/Documents/GIFs/Email/https___mcusercontent.com_0e350d863ee83d7044635f25f_images_1f803576-32a6-7be0-14b4-039191ce6a3a.gif,4,4,0,0.0,1030,1219,True,0,2000,,,1826,ok
/Users/lachlants/Documents/GIFs/Email/https___d3k81ch9hvuctc.cloudfront.net_company_U85BQH_images_821f9d9e-b7c5-4955-86b0-b8497ded1271.gif,2,2,0,0.0,1080,1350,False,0,960,,,447,ok
/Users/lachlants/Documents/GIFs/Email/https___d3k81ch9hvuctc.cloudfront.net_company_TZaQVc_images_9be682ac-e773-4726-9d33-36503b1d2851.gif,62,-1,-1,-1.0,600,600,False,0,6200,,,2423,engine_silent_failure
/Users/lachlants/Documents/GIFs/Email/https___media.wordfly.com_wheelercentre_emails_10-dec-24-wheeler-newsletter_15-years-osn-edm.gif,17,17,0,0.0,1200,650,True,0,13700,,,1911,ok
/Users/lachlants/Documents/GIFs/Email/https___d3b9kr64nievew.cloudfront.net_cluahoxpv0081ucgwcn7s6713_cluahw3y300w3s0m46x9tojhl.gif,147,146,1,0.7,600,338,True,0,14700,14700,True,705,ok
/Users/lachlants/Documents/GIFs/Email/ahrefs.gif,272,-1,-1,-1,1028,720,True,0,10880,,,18008,skipped_too_large
/Users/lachlants/Documents/GIFs/Email/https___d3k81ch9hvuctc.cloudfront.net_company_U85BQH_images_52a42a2f-19d8-4a95-803e-211eb50e06e4.gif,3,3,0,0.0,1200,1200,True,0,2100,,,1647,ok
/Users/lachlants/Documents/GIFs/Email/https___mcusercontent.com_82778b3ddd55eb2d0423c752b_images_1ef85843-a23f-72be-ff9c-1dd70c2d6e5b.gif,45,-1,-1,-1.0,800,450,True,0,3750,,,4209,timeout
/Users/lachlants/Documents/GIFs/Email/https___mcusercontent.com_ecbf79257dbc62cf7c2c5a87e_images_080698a6-a86b-e589-8c4e-8342710f4597.gif,25,25,0,0.0,200,250,False,0,1000,,,323,ok
/Users/lachlants/Documents/GIFs/Email/https___media.wordfly.com_malthousetheatre_emails_ew-2024-season-2025-on-sale_season-launch-header.gif,8,3,5,62.5,1334,358,True,0,1600,1600,True,40,ok
/Users/lachlants/Documents/GIFs/Email/https___mcusercontent.com_21cfc09295377f72f03e377c6_images_5220f4b6-832c-591b-6670-e45bfe769bce.gif,24,-1,-1,-1,648,1152,True,0,7210,,,5520,skipped_too_large
/Users/lachlants/Documents/GIFs/Email/https___media.wordfly.com_wheelercentre_emails_15-jan-25-wheeler-newsletter_email-header-15-01.gif,5,5,0,0.0,1200,650,True,0,8500,,,782,ok
/Users/lachlants/Documents/GIFs/Email/unnamed copy 14.gif,103,-1,-1,-1,648,648,False,0,4130,,,13808,skipped_too_large
/Users/lachlants/Documents/GIFs/Email/https___intercom.intercom-mail.com_i_o_946899155_5c75769dd0e34a071c87f52e_Customer-Service-Trends-Webinar-largerButton.gif,38,38,0,0.0,828,466,True,0,3040,,,3932,ok
/Users/lachlants/Documents/GIFs/Email/Image from Superhuman.gif,59,59,0,0.0,850,526,True,0,4720,,,1364,ok
/Users/lachlants/Documents/GIFs/Email/https___d3k81ch9hvuctc.cloudfront.net_company_RtEsrQ_images_d64a1252-de3b-4341-8062-095ec06f21bd.gif,125,125,0,0.0,1200,270,False,0,5000,,,939,ok
/Users/lachlants/Documents/GIFs/Email/https___d3k81ch9hvuctc.cloudfront.net_company_PRQPAU_images_66fe9271-4413-460b-b483-4137016990c6.gif,5,5,0,0.0,2250,3417,True,0,2500,,,3507,ok
/Users/lachlants/Documents/GIFs/Email/https___i5.cmail19.com_ei_i_F9_E01_E30_csimport_07-Jul24_Bundanon_The-Post--The-Arts_EDM_30.170422.gif,3,3,0,0.0,300,250,True,0,4500,,,65,ok
/Users/lachlants/Documents/GIFs/Email/https___mcusercontent.com_1baa1f1b305949ec908c25dd4_images_e7242d77-9e24-bea2-d2cb-b2fe7f8f37fe.gif,34,34,0,0.0,320,240,True,0,3400,,,1395,ok
/Users/lachlants/Documents/GIFs/Email/https___stratus.campaign-image.eu_images_57013000018662162_zc_v1_1709629412578_gif_of_joel_on_the_kbox.gif,22,22,0,0.0,600,750,True,0,2200,,,2024,ok
/Users/lachlants/Documents/GIFs/Email/http___i4.cmail19.com_ei_i_C4_7A8_07B_csimport_SWF24_Digital_AnimatedProgrammatic_300x250_.160214.gif,144,124,20,13.9,300,250,True,0,10290,,,242,ok
/Users/lachlants/Documents/GIFs/Email/https___userimg-assets.customeriomail.com_images_client-env-185343_1765825738068_browser-drag-drop-nVYk8ibfxw3ymr0O3hcVV5sY01ZAXO_01KCHPMY35XV0XDRD8TFK7YH9C.gif,70,70,0,0.0,2000,1159,True,0,4670,,,2022,ok
/Users/lachlants/Documents/GIFs/Email/https___mcusercontent.com_5a6eda7241a0bb8bb0a2ab3bc_images_0e8f7efe-3fd1-a8d2-7a7d-1256cd74e898.gif,98,-1,-1,-1,800,450,True,0,9800,,,9938,skipped_too_large
/Users/lachlants/Documents/GIFs/Email/unnamed copy 16.gif,100,100,0,0.0,960,480,True,0,11000,,,1028,ok
/Users/lachlants/Documents/GIFs/Email/http___i6.cmail19.com_ei_i_36_6A7_E7D_csimport_TM_APRIL_MREC_on_sale.161513.gif,10,10,0,0.0,300,250,True,0,20000,,,74,ok
/Users/lachlants/Documents/GIFs/Email/http___i1.cmail20.com_ei_j_F4_5B9_B0A_134345_csfinal_Program-Loading-Gif-Header-990000000004513c.gif,41,41,0,0.0,500,400,True,0,4100,,,3058,ok
/Users/lachlants/Documents/GIFs/Email/Youtube_Article_160.gif,306,306,0,0.0,320,550,True,0,9180,,,1249,ok
/Users/lachlants/Documents/GIFs/Email/https___mcusercontent.com_9284751802d775d29b8491886_images_1a126de8-fa98-6974-7c86-a08ea14df2af.gif,21,18,3,14.3,600,600,True,0,2100,2100,True,546,ok
/Users/lachlants/Documents/GIFs/Email/https___userimg-assets.customeriomail.com_images_client-env-162930_1760994490064_Style%20Cursor%20v1_01K81Q6XZ4DJQJF26DMQZY19M0.gif,75,75,0,0.0,1200,1120,True,0,3000,,,1899,ok
/Users/lachlants/Documents/GIFs/Email/https___media.wordfly.com_perthfestival_emails_pf24-genenews-key-dates_key-dates.gif,4,4,0,0.0,648,648,True,0,4000,,,708,ok
/Users/lachlants/Documents/GIFs/Email/frankgreen.gif,32,32,0,0.0,900,1125,False,0,5100,,,3479,ok
/Users/lachlants/Documents/GIFs/Email/https___media.giphy.com_media_v1.Y2lkPTc5MGI3NjExbmx4ZHRiamVxZDJpOWJnZjN5YTl0c3N5ZnY3ZWwydDVpemhuY2dscyZlcD12MV9pbnRlcm5hbF9naWZfYnlfaWQmY3Q9Zw_xsE65jaPsUKUo_giphy.gif,59,59,0,0.0,460,334,True,0,4600,,,189,ok
/Users/lachlants/Documents/GIFs/Email/https___mcusercontent.com_21cfc09295377f72f03e377c6_images_773b9c3c-3e27-de69-c837-6df1b4dd2a61.gif,10,10,0,0.0,800,800,True,0,9630,,,1752,ok
/Users/lachlants/Documents/GIFs/Email/https___mcusercontent.com_9284751802d775d29b8491886_images_8ab89c3f-d68f-79b9-50ec-ceb97c79950f.gif,80,-1,-1,-1,600,1067,True,0,8000,,,9523,skipped_too_large
/Users/lachlants/Documents/GIFs/Email/https___d3k81ch9hvuctc.cloudfront.net_company_PRQPAU_images_07effb2b-70d2-4e22-8d66-4eb22dc870b8.gif,7,7,0,0.0,2250,2435,True,0,1400,,,3641,ok
/Users/lachlants/Documents/GIFs/Email/https___mcusercontent.com_89a526c8542b32391a02ddfec_images_e4c92084-1239-06e1-9564-0caf0eea7f17.gif,300,-1,-1,-1,720,480,True,0,10010,,,5954,skipped_too_large
/Users/lachlants/Documents/GIFs/Email/https___mcusercontent.com_89a526c8542b32391a02ddfec_images_cab246c8-9c4f-c43b-7d7a-5ad253ff1461.gif,61,-1,-1,-1,768,432,True,0,2030,,,5519,skipped_too_large
/Users/lachlants/Documents/GIFs/Email/http___i6.cmail19.com_ei_i_BB_5DC_A14_csimport_TSP47-Tenth-birthday_300-x-2501.161650.gif,8,8,0,0.0,300,250,True,0,17000,,,48,ok
/Users/lachlants/Documents/GIFs/Email/https___mcusercontent.com_88adb327dcabde30998542a7d_images_8e172835-7e1d-a4d9-0445-244425430cd5.gif,17,17,0,0.0,1200,1200,True,0,11900,,,3907,ok
/Users/lachlants/Documents/GIFs/Email/https___d3k81ch9hvuctc.cloudfront.net_company_P5Jmqz_images_1dfb2cd5-658b-431d-89ac-7f8779ac975a.gif,3,3,0,0.0,600,1025,False,0,2400,,,833,ok
/Users/lachlants/Documents/GIFs/Email/https___d3k81ch9hvuctc.cloudfront.net_company_V7MHiK_images_1af5dada-80d1-41d5-ae91-dbd1f37942cb.gif,151,-1,-1,-1,800,1200,True,0,5770,,,8655,skipped_too_large
/Users/lachlants/Documents/GIFs/Email/unnamed copy 17.gif,210,189,21,10.0,800,450,False,0,21000,21000,True,1301,ok
/Users/lachlants/Documents/GIFs/Email/https___darkmofo.s3.amazonaws.com_2025_edm_presale_onsale-gif.gif,65,44,21,32.3,880,550,True,0,3850,3850,True,1379,ok
/Users/lachlants/Documents/GIFs/Email/https___i1.cmail19.com_ei_i_F9_E01_E30_csimport_07-Jul24_Bundanon_The-Post--The-Arts_EDM_97.170358.gif,4,4,0,0.0,970,250,True,0,6000,,,168,ok
/Users/lachlants/Documents/GIFs/Email/https___media.wordfly.com_perthfestival_emails_camp25-or-gen-enews-summit_summit-gif-2.gif,4,4,0,0.0,540,360,True,0,5300,,,268,ok
/Users/lachlants/Documents/GIFs/Email/https___mcusercontent.com_9284751802d775d29b8491886_images_ae84369c-2af5-cdc2-1b78-87a394c8d8af.gif,106,-1,-1,-1.0,600,750,True,0,10600,,,4738,timeout
/Users/lachlants/Documents/GIFs/Email/https___d3k81ch9hvuctc.cloudfront.net_company_SPwRP6_images_ed3a1b19-d2c5-4508-83e7-d4bf77a6eed6.gif,22,22,0,0.0,1080,1350,False,0,2200,,,3452,ok
/Users/lachlants/Documents/GIFs/Email/https___i1.cmail20.com_ei_j_48_AF2_D5E_165749_csfinal_NoN_Assembly_EDM_Header-9900000000079e3c.gif,41,41,0,0.0,600,450,True,0,4100,,,2163,ok
/Users/lachlants/Documents/GIFs/Email/https___mcusercontent.com_bd5e120129ac1f646eabf6f9b_images_a390f2cc-fc42-4add-31e9-9fb2731031f4.gif,3,3,0,0.0,1080,1080,True,0,1810,,,673,ok
/Users/lachlants/Documents/GIFs/Email/https___s.zkcdn.net_Advertisers_59a54d018e674afe9d067e8ea2d73cb3 (1).gif,6,6,0,0.0,360,120,True,0,6000,,,35,ok
/Users/lachlants/Documents/GIFs/Email/https___d36urhup7zbd7q.cloudfront.net_6103309019119616_5040254902468608_logo.gif,19,19,0,0.0,120,120,False,0,5500,,,140,ok
/Users/lachlants/Documents/GIFs/Email/https___mcusercontent.com_55c8f62a16b590163aa0065d4_images_5c1029c9-79da-b689-a3ef-e18b2894b8d5.gif,150,150,0,0.0,1200,600,True,0,5000,,,711,ok
/Users/lachlants/Documents/GIFs/Email/https___d15k2d11r6t6rl.cloudfront.net_pub_vid8_h5vcqr5v_bgy_hr0_2o6_eDM_Artist_1.1.gif,3,3,0,0.0,1080,1080,True,0,6000,,,1201,ok
/Users/lachlants/Documents/GIFs/Email/unnamed copy 13.gif,47,47,0,0.0,1000,681,False,0,1560,,,3787,ok
/Users/lachlants/Documents/GIFs/Email/https___image.mail-list.abc.net.au_lib_fe3d11717d64047d751070_m_1_4efc7856-0410-4648-a215-585ad904b22d.gif,96,95,1,1.0,1400,350,True,0,3840,,,1332,ok
/Users/lachlants/Documents/GIFs/Email/https___d3k81ch9hvuctc.cloudfront.net_company_PRQPAU_images_b5c86885-b4f3-428e-a56f-6794318e7686.gif,3,3,0,0.0,2250,1669,True,0,1500,,,2620,ok
/Users/lachlants/Documents/GIFs/Email/https___mcusercontent.com_52cce2d9ba60a58f04e3e10db_images_6d8b9be8-1e1b-e177-908c-14a16e11041c.gif,12,-1,-1,-1,1300,867,False,0,6000,,,6399,skipped_too_large
/Users/lachlants/Documents/GIFs/Email/https___d3k81ch9hvuctc.cloudfront.net_company_VnK4p8_images_67c67441-9086-4052-b8e6-4b0ef76984d3.gif,150,150,0,0.0,1080,1080,True,0,5000,,,2307,ok
/Users/lachlants/Documents/GIFs/Email/https___d3k81ch9hvuctc.cloudfront.net_company_U85BQH_images_62374738-3a10-492c-84ab-094056628261.gif,2,2,0,0.0,1000,1400,True,0,2000,,,787,ok
/Users/lachlants/Documents/GIFs/Email/https___dm24.s3.amazonaws.com_edm_guest-chef_icecream.gif,126,-1,-1,-1.0,880,500,False,0,5040,,,1808,engine_silent_failure
/Users/lachlants/Documents/GIFs/Email/https___d3k81ch9hvuctc.cloudfront.net_company_RV25gu_images_3c54d369-9fe3-40fb-86f0-f30d572a8fda.gif,5,5,0,0.0,1500,700,True,0,4310,,,1039,ok
/Users/lachlants/Documents/GIFs/Email/https___userimg-assets.customeriomail.com_images_client-env-162930_1760994479588_Module%20-%20iMessage_01K81Q6KQQANB2ENH6AB33J7R5.gif,100,100,0,0.0,596,576,True,0,4000,,,1170,ok
/Users/lachlants/Documents/GIFs/Email/https___hs-26117460.f.hubspotemail-eu1.net_hub_26117460_hubfs_Spar3DDemonstration_Teapot_Social-ezgif.com-video-to-gif-converter.gif_width=1120&upscale=true&name=Spar3DDemonstration_Teapot_Social-ezgif.com-video-to-gif-converter.gif,217,71,146,67.3,600,338,False,0,13560,,,2818,ok
/Users/lachlants/Documents/GIFs/Email/https___userimg-assets.customeriomail.com_images_client-env-93295_1736191701104_Face_Swap_960x720%20(1)%20(1)_01JGYHDV636XR4MGX438WJ7QB3.gif,43,43,0,0.0,960,720,False,0,2770,,,1841,ok
/Users/lachlants/Documents/GIFs/Email/https___d3k81ch9hvuctc.cloudfront.net_company_N2Wkam_images_3ceefc24-835e-4bfb-b1da-d4e85ae424d7.gif,30,30,0,0.0,400,500,True,0,3000,,,2617,ok
/Users/lachlants/Documents/GIFs/Email/https___media.wordfly.com_adelaidefestival_emails_mkt-insider-af26-first-release_feature-snippet-2.gif,43,43,0,0.0,800,450,True,0,4300,,,1957,ok
/Users/lachlants/Documents/GIFs/Email/https___i1.cmail19.com_ei_i_38_4EE_9D7_csimport_Broken-Heart_The-Post_970x2501.160620.gif,3,3,0,0.0,970,250,True,0,9500,,,63,ok
/Users/lachlants/Documents/GIFs/Email/https___mcusercontent.com_89a526c8542b32391a02ddfec_images_894a2bab-32b3-a623-ea9a-a986883d2393.gif,86,-1,-1,-1,1000,681,True,0,3470,,,9675,skipped_too_large
/Users/lachlants/Documents/GIFs/Email/https___a.slack-edge.com_d85a28e_img_email_trial-export-optimized-gif.gif,241,239,2,0.8,511,300,True,0,10040,,,1118,ok
/Users/lachlants/Documents/GIFs/Email/http___i1.cmail19.com_ei_i_5D_3B8_4C0_csimport_2404_89_KW_ESME__SatPaper_1.-970x250_529kB.151624.gif,35,35,0,0.0,970,250,True,0,10850,,,516,ok
"/Users/lachlants/Documents/GIFs/Email/https___substackcdn.com_image_fetch_w_1138,c_limit,f_auto,q_auto_good,fl_progressive_steep_https%3A%2F%2Fsubstack-post-media.s3.amazonaws.com%2Fpublic%2Fimages%2Fed686e22-9418-400c-bb29-21b237411cad_320x568.gif",150,-1,-1,-1,320,568,False,0,9990,,,13880,skipped_too_large
/Users/lachlants/Documents/GIFs/Email/unnamed.gif,60,-1,-1,-1,600,600,False,0,6000,,,10966,skipped_too_large
/Users/lachlants/Documents/GIFs/Email/https___i4.cmail19.com_ei_j_79_845_28F_163608_csfinal_NoN25_EventImageGif_MTHFRI_EDM_V2-9900000b6d03cf3c.gif,3,3,0,0.0,540,540,True,0,3000,,,439,ok
/Users/lachlants/Documents/GIFs/Email/unnamed copy 12.gif,40,40,0,0.0,600,450,False,0,4000,,,4034,ok
"/Users/lachlants/Documents/GIFs/Email/https___content.app-us1.com_cdn-cgi_image_format=auto,onerror=redirect,width=650,dpr=2,fit=scale-down_3rZo7_2024_06_11_7aa17b6e-87da-4d40-8a29-94d4985416b4.gif",7,7,0,0.0,500,500,True,0,8400,,,440,ok
/Users/lachlants/Documents/GIFs/Email/https___mcusercontent.com_88adb327dcabde30998542a7d_images_89b9ca62-dc40-9d47-b526-e47c657ed45c.gif,90,90,0,0.0,686,250,True,0,4670,,,171,ok
/Users/lachlants/Documents/GIFs/Email/https___hs-8497520.f.hubspotemail.net_hub_8497520_hubfs_Untitled-1-2.gif_upscale=true&width=1600&upscale=true&name=Untitled-1-2.gif,6,6,0,0.0,1200,200,True,0,6000,,,27,ok
/Users/lachlants/Documents/GIFs/Email/https___mcusercontent.com_89a526c8542b32391a02ddfec_images_732c3fce-e9ee-0fc3-2979-bcc5c67a57f1.gif,118,-1,-1,-1,960,640,True,0,4230,,,8798,skipped_too_large
/Users/lachlants/Documents/GIFs/Email/https___media.wordfly.com_melbournetheatre_emails_mkt-backstage-18-october-2023_s24-edm-gif-banner-fa2.gif,7,7,0,0.0,1042,230,True,0,5700,,,343,ok
/Users/lachlants/Documents/GIFs/Email/https___d3k81ch9hvuctc.cloudfront.net_company_PRQPAU_images_e3182442-56c5-4bea-8470-13c36fcfe37d.gif,3,-1,-1,-1,2000,2533,True,0,1500,,,5018,skipped_too_large
/Users/lachlants/Documents/GIFs/Email/https___d3k81ch9hvuctc.cloudfront.net_company_SPwRP6_images_eb03dc93-d3aa-4d38-b695-14f5c94f0c7b.gif,2,2,0,0.0,1080,1350,True,0,2600,,,1441,ok
/Users/lachlants/Documents/GIFs/Email/http___i1.cmail20.com_ei_i_33_AC7_E6D_csimport_MOL_Billboard_GIF.165317.gif,3,3,0,0.0,970,250,True,0,4500,,,173,ok
/Users/lachlants/Documents/GIFs/Email/https___mcusercontent.com_21cfc09295377f72f03e377c6_images_1c268f06-e2e7-dd12-bb12-b5e459ed9dbc.gif,228,-1,-1,-1,400,711,True,0,16070,,,9784,skipped_too_large
/Users/lachlants/Documents/GIFs/Email/https___i2.cmail20.com_ei_t_28_121_384_104758_csfinal_Partner-eDM-9900000000079e3c.gif,7,7,0,0.0,1200,675,True,0,5000,,,1414,ok
/Users/lachlants/Documents/GIFs/Email/https___r.s2.email.workona.com_im_2515135_30c067b1cc0f3830238fcfd2cd0af1ba0f2984c820acf70b12a3b044648431b5.gif,205,192,13,6.3,800,450,True,0,8560,,,394,ok
/Users/lachlants/Documents/GIFs/Email/http___i4.cmail20.com_ei_i_33_AC7_E6D_csimport_MOL_MREC_300x2501.165351.gif,3,3,0,0.0,300,250,True,0,4500,,,51,ok
/Users/lachlants/Documents/GIFs/Email/https___image.e.lululemon.com_lib_fe35117171640578761370_m_1_wk37+Send+1+Tues_Email_01_HeroImage.gif,3,3,0,0.0,1240,1488,True,0,4470,,,2680,ok
/Users/lachlants/Documents/GIFs/Email/https___s.zkcdn.net_Advertisers_43f80c862e594338a8496faea2bdc0a5.gif,6,6,0,0.0,360,120,False,0,18000,,,57,ok
/Users/lachlants/Documents/GIFs/Email/unnamed copy 10.gif,59,-1,-1,-1,600,1067,False,0,1770,,,7209,skipped_too_large
/Users/lachlants/Documents/GIFs/Email/https___mcusercontent.com_cdfc29de68ae93588ec6b0a8f_images_e926f7a2-b679-1f8b-c3ba-612a32744fd5.gif,5,-1,-1,-1,1920,1440,False,0,8750,,,7543,skipped_too_large
/Users/lachlants/Documents/GIFs/Email/https___mcusercontent.com_02daa6a2f0aa90cc9c88c656e_images_f19df0a2-38b1-de19-799b-da8e75ea341e.gif,120,120,0,0.0,1000,532,False,0,4000,,,890,ok
/Users/lachlants/Documents/GIFs/Email/https___d3k81ch9hvuctc.cloudfront.net_company_REkHnd_images_887551a8-b37f-4e22-b2d6-ef77c184782d.gif,29,29,0,0.0,1080,1080,True,0,47990,,,2142,ok
/Users/lachlants/Documents/GIFs/Email/https___d3k81ch9hvuctc.cloudfront.net_company_SPwRP6_images_faaabf20-df48-4bcc-821b-7ac734f9c67c.gif,2,2,0,0.0,1080,1350,True,0,1500,,,498,ok
/Users/lachlants/Documents/GIFs/Email/https___i5.cmail20.com_ei_i_9B_2EB_550_csimport_TM43_May-Aquisition-SwG-MREC1.155516.gif,5,5,0,0.0,300,250,True,0,10000,,,262,ok
/Users/lachlants/Documents/GIFs/Email/https___d3k81ch9hvuctc.cloudfront.net_company_N2Wkam_images_f64f5f6c-2066-499b-a0ed-ea98a604dc38.gif,24,24,0,0.0,800,1000,True,0,4300,,,4418,ok
/Users/lachlants/Documents/GIFs/Email/https___media.wordfly.com_wheelercentre_emails_1-july-25-wheeler-newsletter_jana.gif,2,2,0,0.0,1080,1080,True,0,3600,,,569,ok
/Users/lachlants/Documents/GIFs/Email/https___d3k81ch9hvuctc.cloudfront.net_company_U85BQH_images_40181926-0888-4c48-bb7b-8043d3ab8eb7.gif,160,160,0,0.0,300,400,True,0,6400,,,3234,ok
/Users/lachlants/Documents/GIFs/Email/https___d3k81ch9hvuctc.cloudfront.net_company_N2Wkam_images_d3d9168a-4477-4d31-81ed-6fb050a61cb0.gif,80,78,2,2.5,1080,1080,True,0,5600,,,2102,ok
/Users/lachlants/Documents/GIFs/Email/https___d3k81ch9hvuctc.cloudfront.net_company_Y2x94d_images_c9b2aeef-1ccf-4b87-ae53-09ce8bc0fcf7.gif,4,4,0,0.0,1080,772,True,0,2680,,,1539,ok
/Users/lachlants/Documents/GIFs/Email/unnamed copy 11.gif,10,10,0,0.0,800,900,True,0,10000,,,2274,ok
/Users/lachlants/Documents/GIFs/Email/https___mcusercontent.com_02daa6a2f0aa90cc9c88c656e_images_f19df0a2-38b1-de19-799b-da8e75ea341e (1).gif,120,120,0,0.0,1000,532,False,0,4000,,,890,ok
/Users/lachlants/Documents/GIFs/Email/https___i1.cmail19.com_ei_i_CB_C4C_5B2_csimport_240932_SugimotoThePostDigitalAds_V01_970x25.163742.gif,4,4,0,0.0,970,250,True,0,8000,,,171,ok
/Users/lachlants/Documents/GIFs/Email/https___emaillove-assets.b-cdn.net_users_1549882357414475228_assets_a26c0f08-3436-4171-b794-9df4354c05f4.gif,25,25,0,0.0,600,400,True,0,2900,,,199,ok
/Users/lachlants/Documents/GIFs/Email/unnamed copy 7.gif,5,5,0,0.0,1200,903,False,0,4000,,,1939,ok
/Users/lachlants/Documents/GIFs/Email/http___i1.cmail20.com_ei_i_C3_8D0_9F4_csimport_SHA0234-DREAM_Adroll_Billboard-970x250px.163332.gif,5,5,0,0.0,970,250,False,0,7500,,,268,ok
/Users/lachlants/Documents/GIFs/Email/https___media.wordfly.com_wheelercentre_emails_24-sept-wheeler-weekly-fortnightly_sf-wordfly-1sec-1.gif,9,8,1,11.1,1920,1080,True,0,2930,,,1745,ok
/Users/lachlants/Documents/GIFs/Email/https___media.wordfly.com_malthousetheatre_emails_lg-2024-comedy-fest-preshow-announce_mv01-4-venue24-micf2025-edmbanner-1920x1280-v3-1.gif,6,6,0,0.0,1920,1280,False,0,1200,,,1487,ok
/Users/lachlants/Documents/GIFs/Email/https___d3k81ch9hvuctc.cloudfront.net_company_Tweivk_images_9b63ce3a-2341-458f-981f-64dc6c58a42c.gif,13,13,0,0.0,1000,1599,True,0,4550,,,4597,ok
/Users/lachlants/Documents/GIFs/Email/https___email.wetransfer.net_WeNewsletter_2024_04_portals-gif.gif,77,66,11,14.3,600,334,True,0,8720,,,1615,ok
/Users/lachlants/Documents/GIFs/Email/https___mcusercontent.com_5a6eda7241a0bb8bb0a2ab3bc_images_248a95a2-e1ef-eff7-fa9b-787cdef809df.gif,82,-1,-1,-1,600,338,True,0,8200,,,7036,skipped_too_large
/Users/lachlants/Documents/GIFs/Email/https___mcusercontent.com_82778b3ddd55eb2d0423c752b_images_642a4a06-bc15-894d-40ff-823ed3b10657.gif,8,8,0,0.0,1376,768,False,0,4000,,,4285,ok
/Users/lachlants/Documents/GIFs/Email/https___userimg-assets.customeriomail.com_images_client-env-107114_1731984924047_compressed%20gif_01JD15H7J3ESS3ZD673P6CXM5N (1).gif,91,89,2,2.2,600,300,True,0,10000,,,2516,ok
/Users/lachlants/Documents/GIFs/Email/https___mcusercontent.com_f85fe69f37a041b9d3dcd09f9_images_66157541-b899-8e00-4315-ab5e9e8d1c7e.gif,10,10,0,0.0,480,240,True,0,3710,,,162,ok
/Users/lachlants/Documents/GIFs/Email/https___i2.cmail19.com_ei_j_D9_D61_A82_162251_csfinal_Brothaboy-GIF-edm-9900000000079e3c.gif,4,4,0,0.0,1080,1080,True,0,4000,,,1567,ok
/Users/lachlants/Documents/GIFs/Email/http___i2.cmail19.com_ei_j_D1_F29_2E6_094148_csfinal_THURS-REB-GIF-990000079e028a3c.gif,4,4,0,0.0,1080,1080,True,0,4000,,,1898,ok
/Users/lachlants/Documents/GIFs/Email/https___d3b9kr64nievew.cloudfront.net_cm57eo31c025h1bkk0n28ifvc_cm5a7sai701dtu91yr6zf73qb.gif,46,-1,-1,-1.0,800,612,False,0,4760,,,629,engine_silent_failure
/Users/lachlants/Documents/GIFs/Email/https___i1.cmail20.com_ei_j_F0_42D_C4A_120724_csfinal_180724-edm-GIF1-9900000000079e3c.gif,9,9,0,0.0,864,864,True,0,9000,,,2578,ok
/Users/lachlants/Documents/GIFs/Email/https___i2.cmail19.com_ei_j_79_845_28F_163608_csfinal_NoN_EDM_Header-Cortex111-9900000000079e3c.gif,60,59,1,1.7,600,450,True,0,6000,,,1774,ok
/Users/lachlants/Documents/GIFs/Email/Superhuman 81246536.gif,225,-1,-1,-1,1152,648,True,0,7500,,,9637,skipped_too_large
/Users/lachlants/Documents/GIFs/Email/https___mcusercontent.com_5a6eda7241a0bb8bb0a2ab3bc_images_24898123-98b5-b476-dc87-6dc29bfc2782.gif,74,-1,-1,-1,600,338,True,0,7400,,,8392,skipped_too_large
/Users/lachlants/Documents/GIFs/Email/https___mcusercontent.com_5a6eda7241a0bb8bb0a2ab3bc_images_d58c4aa6-242e-6eae-9541-46e2b65c302c.gif,89,-1,-1,-1,600,338,False,0,8280,,,6020,skipped_too_large
/Users/lachlants/Documents/GIFs/Email/https___gstatic.com_growthlab_api_XpkfMAWfUsWgNNUjSs9rFrQEh4lGNfiFD4VIkoTD (2).gif,219,208,11,5.0,720,480,True,0,8760,,,296,ok
/Users/lachlants/Documents/GIFs/Email/http___i3.cmail20.com_ei_i_59_AE7_C49_csimport_TM35_readthis_MREClisten_now.163727.gif,15,15,0,0.0,300,250,True,0,11530,,,366,ok
/Users/lachlants/Documents/GIFs/Email/https___media.wordfly.com_adelaidefestival_emails_mkt-insider-pulp_pulp-faqs-edm-hero-1-iteration-3.gif,30,30,0,0.0,600,400,True,0,3000,,,1700,ok
/Users/lachlants/Documents/GIFs/Email/unnamed copy 6.gif,3,3,0,0.0,850,500,False,0,6000,,,600,ok
/Users/lachlants/Documents/GIFs/Email/http___i1.cmail19.com_ei_i_4F_62F_590_csimport_970-x-250-SP.162604.gif,5,5,0,0.0,970,250,True,0,7500,,,594,ok
/Users/lachlants/Documents/GIFs/Email/https___d3b9kr64nievew.cloudfront.net_cm5tn2voc012hd6dov8pktja1_cm5tnui3a02xttjbl0fs9t4um.gif,315,266,49,15.6,800,800,True,0,10600,,,717,ok
/Users/lachlants/Documents/GIFs/Email/https___d3k81ch9hvuctc.cloudfront.net_company_Q4h8Je_images_319f8b8e-ffdf-4ab4-8478-ab901fbbd9c6.gif,72,72,0,0.0,600,338,True,0,3000,,,800,ok
/Users/lachlants/Documents/GIFs/Email/unnamed copy 4.gif,5,5,0,0.0,1080,1080,False,0,6230,,,2231,ok
/Users/lachlants/Documents/GIFs/Email/https___media.wordfly.com_wheelercentre_emails_15-jan-25-wheeler-newsletter_fitcheck.gif,4,4,0,0.0,1080,1080,True,0,6800,,,1342,ok
/Users/lachlants/Documents/GIFs/Email/https___mcusercontent.com_82778b3ddd55eb2d0423c752b_images_ae7846e1-9b25-4bcc-01dd-a05b2c70c209.gif,79,79,0,0.0,600,337,True,0,7900,,,3119,ok
/Users/lachlants/Documents/GIFs/Email/https___nvsrpq.stripocdn.email_content_guids_CABINET_8c4ee0c7752b66aad20c85032b955f8d1eef060231658cefb00409180af6aea4_images_header.gif,86,68,18,20.9,1120,740,True,0,6520,,,905,ok
/Users/lachlants/Documents/GIFs/Email/https___d3k81ch9hvuctc.cloudfront.net_company_P5Jmqz_images_551bb1a3-0d45-43f0-a48d-f1e2927ebd76.gif,18,18,0,0.0,600,1067,False,0,2520,,,1348,ok
/Users/lachlants/Documents/GIFs/Email/https___media.wordfly.com_malthousetheatre_emails_ew-2024-season-2025-truth_edm.gif,8,8,0,0.0,1256,690,True,0,5500,,,1090,ok
/Users/lachlants/Documents/GIFs/Email/https___intercom.intercom-mail.com_i_o_716307338_fcf8533cab9a42a79960140c_Switch+feature+overview+final.gif,408,408,0,0.0,1330,1150,False,0,17000,,,3390,ok
/Users/lachlants/Documents/GIFs/Email/https___kodama.talknotes.io_image_proxy_uploads_2025-01-10%2015%3A59%3A34%20%2B0000_Video%20Design%20%281%29.gif,6,6,0,0.0,1920,1080,True,0,6010,,,556,ok
/Users/lachlants/Documents/GIFs/Email/https___mcusercontent.com_cde9494188591ed1d0adb5361_images_5527c256-93cf-1f3d-0679-f996ede365c5.gif,7,7,0,0.0,907,1166,True,0,3600,,,1309,ok
/Users/lachlants/Documents/GIFs/Email/http___i1.cmail19.com_ei_i_E5_19C_617_csimport_7AM16_housing_crisis_970-x-250.165702.gif,10,10,0,0.0,970,250,True,0,21500,,,192,ok
/Users/lachlants/Documents/GIFs/Email/http___i6.cmail20.com_ei_i_AC_2C3_705_csimport_7AM16_housing_crisis_300-x-250.165247.gif,9,9,0,0.0,300,250,True,0,22000,,,87,ok
/Users/lachlants/Documents/GIFs/Email/https___d3k81ch9hvuctc.cloudfront.net_company_R7yEUn_images_cd62b398-04fb-49f5-8880-a3ecd6ace4b2.gif,6,6,0,0.0,1200,1537,True,0,4000,,,717,ok
/Users/lachlants/Documents/GIFs/Email/https___mcusercontent.com_5a6eda7241a0bb8bb0a2ab3bc_images_45de1474-5a49-4b60-2cd6-460c8f94abd1.gif,65,-1,-1,-1,800,501,False,0,6500,,,9263,skipped_too_large
/Users/lachlants/Documents/GIFs/Email/https___d3k81ch9hvuctc.cloudfront.net_company_QtJCHb_images_8e4f8b45-b626-4c27-a93c-1f5c3658b401.gif,251,250,1,0.4,1200,108,False,0,10040,,,2036,ok
/Users/lachlants/Documents/GIFs/Email/https___link.freedom.com.au_custloads_886058797_md_19875.gif,3,3,0,0.0,650,963,False,0,4080,,,547,ok
/Users/lachlants/Documents/GIFs/Email/http___i3.cmail19.com_ei_j_D1_F29_2E6_094148_csfinal_FRI-REB-GIF-990000079e028a3c.gif,4,4,0,0.0,1080,1080,True,0,4000,,,997,ok
/Users/lachlants/Documents/GIFs/Email/https___d3k81ch9hvuctc.cloudfront.net_company_U85BQH_images_31f1049d-91b5-45e2-a347-1997f0a78de1.gif,12,12,0,0.0,1000,1000,False,0,1500,,,2923,ok
/Users/lachlants/Documents/GIFs/Email/https___media.wordfly.com_wheelercentre_emails_060224-yellowface-watch-party-newsletter_epic-landscape-2.gif,30,30,0,0.0,600,201,False,0,5820,,,847,ok
/Users/lachlants/Documents/GIFs/Email/https___i4.cmail20.com_ei_i_75_24D_4B5_csimport_300-x-2501.154633.gif,3,3,0,0.0,300,250,True,0,6000,,,34,ok
/Users/lachlants/Documents/GIFs/Email/https___media.wordfly.com_wheelercentre_emails_26-nov-24-wheeler-weekly-fortnightly_edm-3.gif,97,97,0,0.0,524,286,True,0,7760,,,1639,ok
/Users/lachlants/Documents/GIFs/Email/unnamed copy 5.gif,6,6,0,0.0,600,535,False,0,2500,,,355,ok
/Users/lachlants/Documents/GIFs/Email/https___media.wordfly.com_wheelercentre_emails_5-aug-25-wheeler-newsletter_header-1.gif,2,2,0,0.0,1200,650,True,0,3600,,,608,ok
/Users/lachlants/Documents/GIFs/Email/unnamed-2.gif,5,5,0,0.0,1200,903,False,0,4000,,,1939,ok
/Users/lachlants/Documents/GIFs/Email/https___mcusercontent.com_89a526c8542b32391a02ddfec_images_6abd9a94-5346-7045-fbca-830f07a7adb2.gif,54,-1,-1,-1,720,480,True,0,1810,,,5877,skipped_too_large
/Users/lachlants/Documents/GIFs/Email/https___dm24.s3.amazonaws.com_edm_program-out-now_program.gif,13,13,0,0.0,880,754,False,0,9040,,,2849,ok
/Users/lachlants/Documents/GIFs/Email/https___mcusercontent.com_09202d672e6c4a5aa81916e2c_images_de16d988-056e-797a-5438-cf1202f72c94.gif,42,42,0,0.0,648,648,True,0,1710,,,2621,ok
/Users/lachlants/Documents/GIFs/Email/https___images.vialoops.com_cmkdj37dy0t3h0izd6k2uwixl_cmkye90ir006z0i19atwb23kl.gif,250,249,1,0.4,800,800,False,0,10000,,,3810,ok
/Users/lachlants/Documents/GIFs/Email/https___media.wordfly.com_perthfestival_emails_pf-gen-enews-evernow-announce-2024_evernow-launchgif2.gif,3,3,0,0.0,800,800,True,0,3000,,,834,ok
/Users/lachlants/Documents/GIFs/Email/https___mcusercontent.com_89a526c8542b32391a02ddfec_images_63b6f71a-1fd9-65ac-1440-9fcd7cd65b78.gif,100,100,0,0.0,1000,681,True,0,5000,,,3266,ok
/Users/lachlants/Documents/GIFs/Email/https___i1.cmail20.com_ei_i_B2_30B_6B5_csimport_CWF-Billbaord-970x25090.165838.gif,2,2,0,0.0,970,250,True,0,4000,,,41,ok
/Users/lachlants/Documents/GIFs/Email/https___d3k81ch9hvuctc.cloudfront.net_company_KPCi7c_images_52378bb9-ba6d-453c-8614-9b96736966cd.gif,5,5,0,0.0,1000,1333,True,0,4000,,,1722,ok
/Users/lachlants/Documents/GIFs/Email/https___cdn2.allevents.in_transup_43_f3dbb64087404da749e447708277b4_welcome-email-gif.gif,31,31,0,0.0,400,298,True,0,3100,,,300,ok
/Users/lachlants/Documents/GIFs/Email/https___i1.cmail20.com_ei_i_3F_68C_E99_csimport_970-x-2501.165603.gif,3,3,0,0.0,970,250,True,0,6000,,,71,ok
/Users/lachlants/Documents/GIFs/Email/https___lp.semrush.com_rs_519-IIY-869_images_Welcome_SEOAdvanced_EM2_Image_04.gif,28,28,0,0.0,576,292,True,0,3640,,,847,ok
/Users/lachlants/Documents/GIFs/Email/https___d3k81ch9hvuctc.cloudfront.net_company_V8V4pz_images_c61edd74-85bd-4618-8b45-49a9be372a05.gif,40,40,0,0.0,800,1087,True,0,4000,,,2462,ok
/Users/lachlants/Documents/GIFs/Email/https___userimg-assets.customeriomail.com_images_client-env-99697_1705103848622_ai-announcement_01HM01QX7KJD0387CRABAHPXTV.gif,55,43,12,21.8,698,264,True,0,0,,,62,ok
/Users/lachlants/Documents/GIFs/Email/https___mcusercontent.com_89a526c8542b32391a02ddfec_images_f20681d7-66e9-457e-ec8b-689b50bae556.gif,13,13,0,0.0,1000,681,True,0,13010,,,1558,ok
/Users/lachlants/Documents/GIFs/Email/https___email.wetransfer.net_WeNewsletter_General_theuploadgif.gif,16,16,0,0.0,520,200,True,0,7250,,,64,ok
/Users/lachlants/Documents/GIFs/Email/https___i1.cmail19.com_ei_j_82_743_92C_095623_csfinal_NonSale-edm-gif-20-standalone-990000051405143c.gif,122,122,0,0.0,440,550,True,0,4880,,,3987,ok
"/Users/lachlants/Documents/GIFs/Email/https___content.app-us1.com_cdn-cgi_image_width=650,dpr=2,fit=scale-down,format=auto,onerror=redirect_3rZo7_2024_03_07_c5f8a377-53e9-4d93-9961-a3b14ef95ae7.gif",64,64,0,0.0,600,338,True,0,2560,,,3213,ok
/Users/lachlants/Documents/GIFs/Email/https___d3k81ch9hvuctc.cloudfront.net_company_SPwRP6_images_c23dff87-01e3-4595-9ce9-18de493e65be.gif,4,4,0,0.0,1080,1350,True,0,3200,,,2472,ok
/Users/lachlants/Documents/GIFs/Email/https-__d3k81ch9hvuctc-1755812171150.gif,5,5,0,0.0,658,1000,True,0,2500,,,134,ok
/Users/lachlants/Documents/GIFs/Email/https___mcusercontent.com_5a6eda7241a0bb8bb0a2ab3bc_images_6cfaefe2-9879-4af9-cc79-02b4ac8dd097.gif,2,2,0,0.0,600,338,True,0,970,,,78,ok
/Users/lachlants/Documents/GIFs/Email/https___d3k81ch9hvuctc.cloudfront.net_company_WDCuDP_images_0d3bd4d5-67b4-4754-92b5-09694f9ba8ea.gif,183,148,35,19.1,1080,1920,True,0,6660,,,3904,ok
/Users/lachlants/Documents/GIFs/Email/https___userimg-assets.customeriomail.com_images_client-env-93295_1726252371024_New%20Notion%20AI%20Hero_01J7PAHKB26962QV5PBM1C3EWM.gif,197,-1,-1,-1.0,560,300,False,0,14070,,,2951,engine_silent_failure
/Users/lachlants/Documents/GIFs/Email/https___d3k81ch9hvuctc.cloudfront.net_company_Pb3wug_images_5434f40a-525b-474e-8f7b-970c934b63c5.gif,6,6,0,0.0,1200,86,False,0,1980,,,82,ok
/Users/lachlants/Documents/GIFs/Email/https___i1.cmail19.com_ei_i_03_F1A_543_csimport_22466-TMA-SCOOTERING-TSP_billboard__DD1.163517.gif,13,13,0,0.0,970,250,False,0,5100,,,59,ok
/Users/lachlants/Documents/GIFs/Email/https___dm24.s3.amazonaws.com_edm_plan-your-visit_2.gif,49,-1,-1,-1.0,880,660,False,0,3060,,,2459,engine_silent_failure
/Users/lachlants/Documents/GIFs/Email/https___d3k81ch9hvuctc.cloudfront.net_company_PRQPAU_images_f6e208da-84a7-480d-b525-11b64b4a4579.gif,3,3,0,0.0,2250,2750,True,0,1500,,,2719,ok
/Users/lachlants/Documents/GIFs/Email/https___d3k81ch9hvuctc.cloudfront.net_company_P5Jmqz_images_406a7e5c-b221-4e8c-a5e5-1b5674ce0b43.gif,12,12,0,0.0,600,1067,False,0,2400,,,2078,ok
/Users/lachlants/Documents/GIFs/Email/https___bucket.mlcdn.com_a_180_180463_images_eed4d77c5564a6472424b0d24391207db81452a3.gif_3d9ea2b399af55900cbcedb0aadc1d6eaed28bd1.gif,20,20,0,0.0,800,450,False,0,2000,,,3570,ok
/Users/lachlants/Documents/GIFs/Email/innernorth.gif,4,4,0,0.0,1200,1200,True,0,2010,,,571,ok
/Users/lachlants/Documents/GIFs/Email/https___d3k81ch9hvuctc.cloudfront.net_company_SPwRP6_images_d9decec7-942b-4ca5-9c9e-46473a9cd0f3.gif,2,2,0,0.0,1080,1350,True,0,1400,,,23,ok
/Users/lachlants/Documents/GIFs/Email/unnamed-1.gif,5,5,0,0.0,1200,903,False,0,4000,,,1939,ok
/Users/lachlants/Documents/GIFs/Email/https___image.email.slackhq.com_lib_fe5515707c610d7b7312_m_1_GIF_01_16x9_nosearch.gif,313,-1,-1,-1.0,480,270,False,0,34600,,,1847,engine_silent_failure
/Users/lachlants/Documents/GIFs/Email/unnamed copy 2.gif,76,76,0,0.0,440,782,False,0,2500,,,480,ok
/Users/lachlants/Documents/GIFs/Email/Email 3.1 Copilot Animation.gif,167,93,74,44.3,820,547,True,0,5010,,,717,ok
/Users/lachlants/Documents/GIFs/Email/unnamed (1).gif,4,4,0,0.0,800,800,False,0,5600,,,628,ok
/Users/lachlants/Documents/GIFs/Email/https___d3k81ch9hvuctc.cloudfront.net_company_VnK4p8_images_034b3b62-efa8-4bd6-bda5-8eba1501eaa7.gif,150,150,0,0.0,1080,1080,True,0,5000,,,933,ok
/Users/lachlants/Documents/GIFs/Email/https___i7.cmail19.com_ei_j_79_845_28F_163608_csfinal_Untitleddesign-9900000000079e3c.gif,76,-1,-1,-1,864,648,True,0,3060,,,10285,skipped_too_large
/Users/lachlants/Documents/GIFs/Email/https___i5.cmail19.com_ei_i_03_F1A_543_csimport_22466-TMA-SCOOTERING-TSP_MREC__DD1.164138.gif,13,13,0,0.0,300,250,False,0,6600,,,35,ok
/Users/lachlants/Documents/GIFs/Email/https___mcusercontent.com_d05a75d182d03d131553f65ca_images_ef4a0487-4c96-e83c-950f-c6177bbe0699.gif,26,26,0,0.0,964,538,True,0,1740,,,2648,ok
/Users/lachlants/Documents/GIFs/Email/https___d3k81ch9hvuctc.cloudfront.net_company_XuesTp_images_81e639fe-ffdc-4687-83b3-f42d101636f1.gif,3,3,0,0.0,800,165,True,0,3000,,,13,ok
/Users/lachlants/Documents/GIFs/Email/https___d15k2d11r6t6rl.cloudfront.net_public_users_Integrators_669d5713-9b6a-46bb-bd7e-c542cff6dd6a_8276c191798a469d88dfae0dd605a3f8_ENG_purple_Update_optimized%20copy.gif,100,100,0,0.0,1056,120,True,0,8000,,,1094,ok
/Users/lachlants/Documents/GIFs/Email/https___d3k81ch9hvuctc.cloudfront.net_company_W7dAyh_images_c706c4b3-b642-49d5-b539-0bff744c2590.gif,58,56,2,3.4,1110,1572,True,0,5000,,,2989,ok
/Users/lachlants/Documents/GIFs/Email/Image 488c17c0.gif,20,20,0,0.0,800,644,True,0,1600,,,681,ok
/Users/lachlants/Documents/GIFs/Email/https___mcusercontent.com_5a6eda7241a0bb8bb0a2ab3bc_images_666593c9-3af8-537f-136c-75523fb0787c.gif,90,-1,-1,-1,600,338,True,0,9000,,,9724,skipped_too_large
/Users/lachlants/Documents/GIFs/Email/https___userimg-assets.customeriomail.com_images_client-env-93295_1729173282062_Layouts-Professional%20(1)_01JADC4QD5AJHZ7CW8YMJ79Y0J.gif,84,-1,-1,-1.0,1200,800,True,0,7000,,,1441,engine_silent_failure
/Users/lachlants/Documents/GIFs/Email/https___mona-edms.s3.mona.net.au_Namedropping+-+Opening+week_Namedropping_OpeningWeekend_eDM_2.gif,6,6,0,0.0,880,692,True,0,6000,,,506,ok
/Users/lachlants/Documents/GIFs/Email/https___d3k81ch9hvuctc.cloudfront.net_company_PRQPAU_images_cd7f03b6-3763-41c1-a1c8-1d19896c5e35.gif,5,5,0,0.0,1900,2438,True,0,7000,,,4974,ok
/Users/lachlants/Documents/GIFs/Email/https___mcusercontent.com_89a526c8542b32391a02ddfec_images_f37e4fb7-eb98-3a2d-c8a5-20424606d826.gif,20,20,0,0.0,1000,681,True,0,10010,,,1949,ok
/Users/lachlants/Documents/GIFs/Email/https___i1.cmail20.com_ei_j_D8_7EA_7AF_csimport_piss.151214.gif,111,-1,-1,-1,648,648,True,0,4430,,,7591,skipped_too_large
/Users/lachlants/Documents/GIFs/Email/https___q-stage.vercel.app_email_images_gif-fw.gif,58,58,0,0.0,440,248,False,0,5800,,,4519,ok
/Users/lachlants/Documents/GIFs/Email/https___media.sailthru.com_composer_images_sailthru-prod-5wd_Newsletter1280%C3%97960.gif,4,4,0,0.0,1280,960,True,0,4000,,,1256,ok
/Users/lachlants/Documents/GIFs/Email/https___www.cursor.com_changelog_050_email_bg.gif,75,-1,-1,-1.0,1920,1228,True,0,5000,,,1821,timeout
/Users/lachlants/Documents/GIFs/Email/https___i1.cmail20.com_ei_i_CB_8BB_A2F_csimport_Mother_970x2501.165240.gif,5,5,0,0.0,970,250,True,0,7500,,,83,ok
/Users/lachlants/Documents/GIFs/Email/KingsChoir Banner 970x250.gif,83,81,2,2.4,970,250,True,0,6680,,,553,ok
/Users/lachlants/Documents/GIFs/Email/https___mcusercontent.com_0e350d863ee83d7044635f25f_images_5ea2ac4e-a828-bac9-a829-5021788d897d.gif,4,4,0,0.0,1030,1219,True,0,4000,,,2076,ok
/Users/lachlants/Documents/GIFs/Email/unnamed copy 3.gif,3,3,0,0.0,1700,1000,False,0,4590,,,2516,ok
/Users/lachlants/Documents/GIFs/Email/https___i1.cmail20.com_ei_i_AF_EC3_7A9_csimport_1st-Show-Release-Sponsorship-Banner-970x250.170124.gif,3,3,0,0.0,970,250,True,0,3000,,,193,ok
/Users/lachlants/Documents/GIFs/Email/Image 81246536.gif,225,-1,-1,-1,1152,648,True,0,7500,,,9637,skipped_too_large
/Users/lachlants/Documents/GIFs/Email/https___userimg-assets.customeriomail.com_images_client-env-93295_1729173211810_Background_Marketplace%20(1)_01JADC2JSGY0PWMNS7KBHSCYCE.gif,4,4,0,0.0,1440,1080,False,0,5000,,,518,ok
/Users/lachlants/Documents/GIFs/Email/https___mcusercontent.com_89a526c8542b32391a02ddfec_images_6c92f05f-1631-4918-03ee-652b5c8f8a2b.gif,4,4,0,0.0,648,648,True,0,4010,,,363,ok
/Users/lachlants/Documents/GIFs/Email/https___mcusercontent.com_89a526c8542b32391a02ddfec_images_3b3a2267-dc81-2b72-eb3a-6fc129c8ff24.gif,209,199,10,4.8,1000,681,True,0,14990,,,322,ok
"/Users/lachlants/Documents/GIFs/Email/https___content.app-us1.com_cdn-cgi_image_width=650,dpr=2,fit=scale-down,format=auto,onerror=redirect_3rZo7_2024_03_07_c2452dba-b677-4b9b-9503-e5211590c454.gif",37,37,0,0.0,400,400,True,0,1480,,,2339,ok
/Users/lachlants/Documents/GIFs/Email/https___d3k81ch9hvuctc.cloudfront.net_company_U85BQH_images_d7f60674-03c8-4204-9bdb-3cad73cdffa3.gif,30,30,0,0.0,500,300,False,0,3000,,,608,ok
/Users/lachlants/Documents/GIFs/Email/Image 2aa268b9.gif,72,72,0,0.0,1080,1080,True,0,2400,,,2603,ok
/Users/lachlants/Documents/GIFs/Email/https___d3k81ch9hvuctc.cloudfront.net_company_Q4h8Je_images_80337fb1-a021-4f3b-822b-f09dce3e9e00.gif,50,50,0,0.0,600,338,True,0,2000,,,864,ok
/Users/lachlants/Documents/GIFs/Email/https___userimg-assets.customeriomail.com_images_client-env-185343_1765826690041_debug-mode-intro_01KCHQHZM7SB7WEFXYB7T9HHWM.gif,153,144,9,5.9,1200,675,True,0,12750,,,2053,ok
/Users/lachlants/Documents/GIFs/Email/https___mcusercontent.com_0682bb2f1d62db2dad6a2ed4b_images_da8e365e-0401-ebab-3906-953a6fb158c3.gif,126,112,14,11.1,1080,574,True,0,5040,,,665,ok
/Users/lachlants/Documents/GIFs/Email/email.gif,100,-1,-1,-1,600,717,True,0,10000,,,5108,skipped_too_large
/Users/lachlants/Documents/GIFs/Email/https___mcusercontent.com_52cce2d9ba60a58f04e3e10db_images_682d5002-2f91-f1d0-3d04-c95b72baa811.gif,192,-1,-1,-1,480,270,True,0,7200,,,5140,skipped_too_large
/Users/lachlants/Documents/GIFs/Email/https___hs-22398006.f.hubspotemail.net_hub_22398006_hubfs_dependencies.gif_upscale=true&width=2400&upscale=true&name=dependencies.gif,126,126,0,0.0,800,285,True,0,12600,,,604,ok
/Users/lachlants/Documents/GIFs/Email/https___mcusercontent.com_d68e4bd9146cd4de4ff2934c7_images_e7eb680c-3811-0429-6819-1fc570e59cb6.gif,108,108,0,0.0,432,432,True,0,7330,,,535,ok
/Users/lachlants/Documents/GIFs/Email/https___media.wordfly.com_wheelercentre_emails_8-oct-wheeler-weekly-fortnightly_stiring-pot-gif-mobile.gif,2,2,0,0.0,768,432,True,0,3200,,,466,ok
/Users/lachlants/Documents/GIFs/Email/https-::media.superhuman.com:images:_:https%3A%2F%2Fcontent.app-us1.com%2Fcdn-cgi%2Fimage%2Fwidth%3D650%2Cdpr%3D2%2Cfit%3Dscale-down%2Cformat%3Dauto%2Conerror%3Dredirect%2F3rZo7%2F2024%2F03%2F07%2Fc2452dba-b677-4b9b-9503-e5211590c454.gif.gif,100,100,0,0.0,400,400,True,0,2000,,,4002,ok
/Users/lachlants/Documents/GIFs/Email/https___userimg-assets.customeriomail.com_images_client-env-162930_1774449091657_iOS_swipeback_01KMJPGS3S8VDHCC0YQAKKC05V.gif,134,134,0,0.0,960,480,True,0,5880,,,1228,ok
/Users/lachlants/Documents/GIFs/Email/https___mcusercontent.com_52cce2d9ba60a58f04e3e10db_images_e4034452-afc7-d841-ca3c-b808721eeae5.gif,361,-1,-1,-1,648,480,True,0,12030,,,6431,skipped_too_large
/Users/lachlants/Documents/GIFs/Email/https___mcusercontent.com_5a6eda7241a0bb8bb0a2ab3bc_images_281c1595-9675-b09e-02af-30150da57e90.gif,53,53,0,0.0,800,450,True,0,5300,,,2372,ok
/Users/lachlants/Documents/GIFs/Email/https___i1.cmail19.com_ei_i_49_578_A4D_csimport_ClimateActivism_Male_AllLogo_970x250.143952.gif,6,6,0,0.0,970,250,True,0,10000,,,164,ok
/Users/lachlants/Documents/GIFs/Email/https___mcusercontent.com_9284751802d775d29b8491886_images_b25b4c0e-7250-2448-cba9-ce362933c061.gif,125,123,2,1.6,196,336,True,0,12500,,,1436,ok
/Users/lachlants/Documents/GIFs/Email/https-__d3k81ch9hvuctc-1755812204791.gif,5,5,0,0.0,658,1000,True,0,2500,,,134,ok
/Users/lachlants/Documents/GIFs/Email/https___d3k81ch9hvuctc.cloudfront.net_company_PRQPAU_images_26e89283-32b2-42aa-948a-c713356b372b.gif,2,2,0,0.0,2250,3278,True,0,1000,,,1622,ok
/Users/lachlants/Documents/GIFs/Email/https___mcusercontent.com_89a526c8542b32391a02ddfec_images_47115d05-5074-4663-de26-bca0dc2cc4f2.gif,125,125,0,0.0,720,480,True,0,5010,,,1996,ok
/Users/lachlants/Documents/GIFs/Email/https___mcusercontent.com_89a526c8542b32391a02ddfec_images_0919086e-0556-4beb-3f1a-56225f565708.gif,10,10,0,0.0,1000,681,True,0,20000,,,1501,ok
/Users/lachlants/Documents/GIFs/Email/https___d3k81ch9hvuctc.cloudfront.net_company_U85BQH_images_9b155e19-4107-4ddd-b7e8-3f246515cea8.gif,2,2,0,0.0,1000,1400,True,0,2000,,,635,ok
/Users/lachlants/Documents/GIFs/Email/https___mcusercontent.com_5a6eda7241a0bb8bb0a2ab3bc_images_b9ccabf0-a812-57df-5a67-02a4380a2e93.gif,43,-1,-1,-1,600,338,True,0,4300,,,5502,skipped_too_large
/Users/lachlants/Documents/GIFs/Email/https___d3k81ch9hvuctc.cloudfront.net_company_PRQPAU_images_ec96d81c-944c-49cd-8fc5-ac9516bf9479 (1).gif,3,3,0,0.0,1080,1497,True,0,2700,,,905,ok
/Users/lachlants/Documents/GIFs/Email/https___i1.cmail20.com_ei_i_AE_A0C_21D_csimport_CWF-Billbaord-970x25090.165838.gif,2,2,0,0.0,970,250,True,0,4000,,,41,ok
/Users/lachlants/Documents/GIFs/Email/https___userimg-assets.customeriomail.com_images_client-env-162930_1763590704339_hero-image_1_01KAF353WEM5ZW3BH2B28HHQSD.gif,121,121,0,0.0,800,432,True,0,4840,,,2703,ok
/Users/lachlants/Documents/GIFs/Email/https___userimg-assets.customeriomail.com_images_client-env-141894_1714478028124_GIFRecording2024-04-30at1.51.03PM-ezgif.com-optimize_01HWQDN5X3CP2R38P4EJZPVFPM.gif,52,52,0,0.0,1396,814,True,0,4960,,,974,ok
/Users/lachlants/Documents/GIFs/Email/https___userimg-assets.customeriomail.com_images_client-env-162930_1763491953765_giveaway_items_01KAC4ZFDCSP5BDQE601K7XVD5.gif,78,74,4,5.1,300,500,True,0,4640,,,730,ok
/Users/lachlants/Documents/GIFs/Email/https___d3k81ch9hvuctc.cloudfront.net_company_SPwRP6_images_c4275a47-7823-4da9-aa39-b36694d5622c.gif,24,24,0,0.0,1080,1350,False,0,1600,,,4449,ok
/Users/lachlants/Documents/GIFs/Email/https___media.wordfly.com_wheelercentre_emails_19-sept-24-sf-spring-equinox-sale_emailheader.gif,6,6,0,0.0,1188,594,True,0,9600,,,1833,ok
/Users/lachlants/Documents/GIFs/Email/https___userimg-assets.customeriomail.com_images_client-env-86186_1750691769920_CleanShot%202025-06-23%20at%2011.10.52_01JYENRW0FQW0GGBECEW30SPW0.gif,453,429,24,5.3,774,654,False,0,16800,,,1800,ok
/Users/lachlants/Documents/GIFs/Email/https___d3k81ch9hvuctc.cloudfront.net_company_X9u8pE_images_a050d60f-7e5a-4b66-8b5b-13090d33a593.gif,50,50,0,0.0,568,320,True,0,5000,,,2062,ok
"/Users/lachlants/Documents/GIFs/Email/https___content.app-us1.com_cdn-cgi_image_fit=scale-down,format=auto,onerror=redirect,width=650,dpr=2_3rZo7_2024_09_11_3ac89c95-5190-40c4-b59a-0df1cd71657a.gif",279,279,0,0.0,400,400,True,0,11160,,,2755,ok
/Users/lachlants/Documents/GIFs/Email/https___cdn2.allevents.in_transup_e9_09956161374f58903a1961feeeb7e7_move-to-primary.gif,26,26,0,0.0,761,152,False,0,2410,,,66,ok
/Users/lachlants/Documents/GIFs/Email/https___media.sailthru.com_composer_images_sailthru-prod-5wd_Newsletter-1280%C3%97960-v1%20%281%29_1.gif,4,4,0,0.0,1280,960,True,0,5000,,,892,ok
/Users/lachlants/Documents/GIFs/Email/http___i4.cmail20.com_ei_i_C3_8D0_9F4_csimport_SHA0198-DREAM_Adroll_Mrec-300x250px-v2-SYD.163401.gif,3,3,0,0.0,300,250,True,0,6000,,,97,ok
/Users/lachlants/Documents/GIFs/Email/https___d3b9kr64nievew.cloudfront.net_clvzic1lf0079148oye7ci19u_clwf9n768003kgoajfkvba3d9.gif,95,93,2,2.1,800,567,True,0,4950,,,1619,ok
/Users/lachlants/Documents/GIFs/Email/https___mcusercontent.com_55c8f62a16b590163aa0065d4_images_ca9dcfec-7e44-a6af-9c10-2b75a2734f49.gif,72,72,0,0.0,1200,1200,True,0,3010,,,1729,ok
/Users/lachlants/Documents/GIFs/Email/https___d3k81ch9hvuctc.cloudfront.net_company_PRQPAU_images_546bcfd4-7470-4854-ba7a-0e097d42d8c2.gif,2,2,0,0.0,2250,2899,True,0,1000,,,3572,ok
/Users/lachlants/Documents/GIFs/Email/https___d3k81ch9hvuctc.cloudfront.net_company_VnK4p8_images_cf0d1465-c855-4c00-b58a-ea24e2321532.gif,25,25,0,0.0,1080,1080,True,0,5010,,,212,ok
/Users/lachlants/Documents/GIFs/Email/https___d3k81ch9hvuctc.cloudfront.net_company_PRQPAU_images_071c7210-41d5-40e1-9783-c662488e822a.gif,3,3,0,0.0,1125,1418,True,0,1800,,,1540,ok
/Users/lachlants/Documents/GIFs/Email/https___media.wordfly.com_adelaidefestival_emails_mkt-insider-af25-first-announce_af25-first-release-900x600.gif,3,3,0,0.0,900,600,True,0,2490,,,626,ok
/Users/lachlants/Documents/GIFs/Email/https___d3k81ch9hvuctc.cloudfront.net_company_SPwRP6_images_cd409f58-e920-46e1-bedf-e7b126589c1d.gif,24,24,0,0.0,1080,1350,False,0,1920,,,3947,ok
/Users/lachlants/Documents/GIFs/Email/https___media.wordfly.com_adelaidefestival_emails_mkt-insider-lovefest-af24_calendar-gif (1).gif,2,2,0,0.0,1080,1080,True,0,1000,,,168,ok
/Users/lachlants/Documents/GIFs/Email/https___image.e.lululemon.com_lib_fe35117171640578761370_m_1_wk45-Send-2-Thurs_Email_01_HeroImage.gif,3,3,0,0.0,1240,1488,True,0,4500,,,3131,ok
/Users/lachlants/Documents/GIFs/Email/https___userimg-assets.customeriomail.com_images_client-env-93295_1729173252991_Mail-Preview%20(1)_01JADC3VBMYG7F3M636BN3NXRZ.gif,80,-1,-1,-1.0,1446,1080,True,0,4030,,,1677,engine_silent_failure
/Users/lachlants/Documents/GIFs/Email/unnamed copy 8.gif,150,150,0,0.0,320,180,False,0,9990,,,4989,ok
/Users/lachlants/Documents/GIFs/Email/https___media.wordfly.com_malthousetheatre_emails_ah-2026-trans-theatre-festival-last-chance_trans-theatre-festival-last-chance.gif,3,3,0,0.0,1920,1080,True,0,3260,,,1302,ok
"/Users/lachlants/Documents/GIFs/Email/https___content.app-us1.com_cdn-cgi_image_dpr=2,fit=scale-down,format=auto,onerror=redirect,width=650_3rZo7_2024_02_12_8f98bca6-82a3-487f-849a-a4bb39284f41.gif",232,-1,-1,-1,1080,1080,False,0,10000,,,7174,skipped_too_large
/Users/lachlants/Documents/GIFs/Email/https___d3b9kr64nievew.cloudfront.net_cltyw1qlu00afahbdkp0w352j_cltywbyoo0075vnk4i55opr3e.gif,225,-1,-1,-1.0,600,375,True,0,22500,,,3101,timeout
/Users/lachlants/Documents/GIFs/Email/https___media.wired.com_photos_666a157c00a123032fc297f1_191_100_w_800_061224-Politics-SCOTUS-mifepristone.gif,76,76,0,0.0,764,400,True,0,7600,,,1789,ok
/Users/lachlants/Documents/GIFs/Email/download.gif,3,3,0,0.0,1280,600,True,0,3010,,,65,ok
/Users/lachlants/Documents/GIFs/Email/https___mona-edms.s3.mona.net.au_Once+Upon+a+Time+in+Shaolin+EDM_Namedropping_WuTang_eDM_Announce_1.gif,7,7,0,0.0,880,1308,True,0,3400,,,279,ok
/Users/lachlants/Documents/GIFs/Email/https___uc.autopilotapp.com_images_ap-usabilityhub_Product%20marketing_screener%20logic.gif,122,-1,-1,-1.0,1280,720,True,0,12200,,,3804,timeout
/Users/lachlants/Documents/GIFs/Email/https___d3k81ch9hvuctc.cloudfront.net_company_U85BQH_images_bf33b06b-b7de-4b38-811a-6c788aef7def.gif,2,2,0,0.0,1000,1400,True,0,2010,,,977,ok
/Users/lachlants/Documents/GIFs/Email/https___intercom.intercom-mail.com_i_o_970912980_c534e2fcb50e6ff79b96ee62_MeasuringCSWB-4.gif,227,-1,-1,-1,540,360,True,0,6810,,,14898,skipped_too_large
/Users/lachlants/Documents/GIFs/Email/https___media.wordfly.com_malthousetheatre_emails_ew-2025-comedy-25-for-25_comedygifgif.gif,2,2,0,0.0,2400,812,True,0,1000,,,390,ok
/Users/lachlants/Documents/GIFs/Email/https___d3k81ch9hvuctc.cloudfront.net_company_Y2x94d_images_a939a040-3325-47ff-a516-c9c16cc3400b.gif,6,6,0,0.0,1024,768,True,0,4020,,,1510,ok
/Users/lachlants/Documents/GIFs/Email/https___i.mail-cdn.com_media_email.webjet.com.au_1_122117_239da95.gif,25,25,0,0.0,560,400,False,0,5000,,,476,ok
/Users/lachlants/Documents/GIFs/Email/http___i7.cmail19.com_ei_i_4F_62F_590_csimport_300-x-250-SP.162641.gif,6,6,0,0.0,300,250,True,0,7500,,,226,ok
/Users/lachlants/Documents/GIFs/Email/https___q-stage.vercel.app_email_images_gif-2.gif,7,7,0,0.0,150,267,False,0,700,,,118,ok
/Users/lachlants/Documents/GIFs/Email/https___userimg-assets.customeriomail.com_images_client-env-107114_1731984924047_compressed%20gif_01JD15H7J3ESS3ZD673P6CXM5N.gif,91,89,2,2.2,600,300,True,0,10000,,,2516,ok
/Users/lachlants/Documents/GIFs/Email/unnamed copy 9.gif,80,-1,-1,-1,600,1067,False,0,2400,,,8349,skipped_too_large
/Users/lachlants/Documents/GIFs/Email/https___image.e.lululemon.com_lib_fe35117171640578761370_m_1_AU_24Q4_BlackFriday_Email_Preshop_Hero.gif,163,142,21,12.9,620,710,True,0,6520,,,863,ok
/Users/lachlants/Documents/GIFs/Email/https___mcusercontent.com_9284751802d775d29b8491886_images_a42a50dd-607f-bb6d-673c-9fc4678b64aa.gif,94,-1,-1,-1,600,1067,True,0,9400,,,6756,skipped_too_large
/Users/lachlants/Documents/GIFs/Email/https___d3k81ch9hvuctc.cloudfront.net_company_X9u8pE_images_8bc14c4f-1cdf-4ed2-9cce-8dbd8226ab0b.gif,22,22,0,0.0,568,320,True,0,2200,,,1261,ok
/Users/lachlants/Documents/GIFs/Email/https___mcusercontent.com_21cfc09295377f72f03e377c6_images_4baf6d5d-cac3-d558-cd51-4f18bdac69ba.gif,7,7,0,0.0,1080,800,True,0,7230,,,234,ok
/Users/lachlants/Documents/GIFs/Email/https___i7.cmail19.com_ei_i_B1_12F_BDC_csimport_SHA0313-SEASON25_Digital_Mrec_SYD_300x250px.154817.gif,6,6,0,0.0,300,250,False,0,9000,,,88,ok
/Users/lachlants/Documents/GIFs/Email/https___mcusercontent.com_21cfc09295377f72f03e377c6_images_d7c01038-bf5a-61c4-2f9e-114cf3e5a2e4.gif,2,2,0,0.0,1920,1080,True,0,1010,,,1955,ok
/Users/lachlants/Documents/GIFs/Email/https___media.wordfly.com_melbournetheatre_emails_mkt-gift-vouchers-dec-2024_gv-850-x-500.gif,17,17,0,0.0,886,521,True,0,2100,,,75,ok
/Users/lachlants/Documents/GIFs/Email/Superhuman animated.gif,93,93,0,0.0,800,716,True,0,2790,,,1042,ok
/Users/lachlants/Documents/GIFs/Email/https___mcusercontent.com_21cfc09295377f72f03e377c6_images_333b2113-ece9-c4b2-e0c1-a0bf5437a095.gif,5,5,0,0.0,800,800,True,0,2510,,,832,ok
/Users/lachlants/Documents/GIFs/Email/https___mcusercontent.com_cde9494188591ed1d0adb5361_images_0cf3ab0e-572c-577e-8a6e-d951cf5467f4.gif,9,9,0,0.0,1200,1177,True,0,2800,,,1819,ok
"/Users/lachlants/Documents/GIFs/Email/https___content.app-us1.com_cdn-cgi_image_format=auto,onerror=redirect,width=650,dpr=2,fit=scale-down_3rZo7_2025_03_03_40e02dea-7b34-4598-8eed-048ac785af2e.gif",72,-1,-1,-1,1000,1000,True,0,2880,,,6985,skipped_too_large
/Users/lachlants/Documents/GIFs/Email/Superhuman Image.gif,175,-1,-1,-1,480,240,True,0,7000,,,9045,skipped_too_large
/Users/lachlants/Documents/GIFs/Email/https___i2.cmail19.com_ei_t_77_700_961_145701_csfinal_ACMI-Encore-eDM-v2-9900000000079e3c.gif,3,3,0,0.0,1200,675,True,0,3000,,,955,ok
/Users/lachlants/Documents/GIFs/Email/https___d3k81ch9hvuctc.cloudfront.net_company_U85BQH_images_f6d78298-bbcb-4c39-accb-547d67fc4c8a.gif,29,29,0,0.0,600,1000,False,0,1200,,,2593,ok
/Users/lachlants/Documents/GIFs/Email/https___d3k81ch9hvuctc.cloudfront.net_company_REkHnd_images_b9ad30e9-d695-491d-a9a5-e3737a8317b4.gif,117,70,47,40.2,940,788,True,0,29000,,,322,ok
/Users/lachlants/Documents/GIFs/Email/https___d3k81ch9hvuctc.cloudfront.net_company_PRQPAU_images_7a963e92-3bf4-4f26-a2a9-becf09494593.gif,8,6,2,25.0,2250,3047,True,0,12100,,,2576,ok
/Users/lachlants/Documents/GIFs/Email/https___mcusercontent.com_9284751802d775d29b8491886_images_d8724be2-e41e-7303-37e2-9d4bd683f3ba.gif,24,20,4,16.7,600,1067,True,0,2400,,,1731,ok
/Users/lachlants/Documents/GIFs/Email/https___i.postimg.cc_wBHPhyqf_ezgif-com-gif-maker.gif,6,6,0,0.0,800,800,True,0,4800,,,73,ok
/Users/lachlants/Documents/GIFs/Email/https___media.wordfly.com_sydneytheatreco_emails_2025-august-enews-cth_ttmr-edm-gifheader-desktop.gif,3,3,0,0.0,1000,550,True,0,4510,,,347,ok
/Users/lachlants/Documents/GIFs/Email/http___i4.cmail19.com_ei_i_E5_19C_617_csimport_7AM16_housing_crisis_300-x-250.165720.gif,9,9,0,0.0,300,250,True,0,22000,,,87,ok
/Users/lachlants/Documents/GIFs/Email/https___d3k81ch9hvuctc.cloudfront.net_company_U85BQH_images_d888b7c5-572a-481a-97e5-5d95d2b545ec.gif,4,4,0,0.0,1200,1200,True,0,2800,,,1442,ok
/Users/lachlants/Documents/GIFs/Email/https___gstatic.com_growthlab_api_ybrns98aYSdNQNL04PaZWqwh9qzDRiA8qyJj2Kzl.gif,53,50,3,5.7,512,374,True,0,5400,,,2546,ok
/Users/lachlants/Documents/GIFs/Email/https___d3k81ch9hvuctc.cloudfront.net_company_SPwRP6_images_20c84ec8-b879-4b9c-9142-06ff5775725c.gif,22,22,0,0.0,1080,1350,False,0,1760,,,4596,ok
/Users/lachlants/Documents/GIFs/Email/http___i4.cmail20.com_ei_i_81_4E5_54B_csimport_MRECanimated1300x250px1.161055.gif,94,94,0,0.0,300,250,True,0,5010,,,140,ok
/Users/lachlants/Documents/GIFs/Email/https___media.wordfly.com_malthousetheatre_emails_ew-comedy-onsale-announce_comedyannounce.gif,2,2,0,0.0,1920,650,True,0,400,,,261,ok
/Users/lachlants/Documents/GIFs/Email/https___q-stage.vercel.app_email_images_gif-1.gif,85,85,0,0.0,150,255,False,0,8500,,,1308,ok
/Users/lachlants/Documents/GIFs/Email/http___i3.cmail19.com_ei_i_BB_5DC_A14_csimport_TMASsSSM-TSP_MREC-011.160836.gif,4,4,0,0.0,300,250,False,0,10000,,,33,ok
/Users/lachlants/Documents/GIFs/Email/https___mcusercontent.com_5a6eda7241a0bb8bb0a2ab3bc_images_6f1eb8c4-e98d-5fa5-7d68-fcee6ed18457.gif,90,90,0,0.0,600,338,True,0,9000,,,4006,ok
/Users/lachlants/Documents/GIFs/Email/https___d3k81ch9hvuctc.cloudfront.net_company_P5Jmqz_images_2b54bc87-0cf3-4e95-bf31-1cb1cf760006.gif,2,2,0,0.0,600,1240,False,0,1000,,,213,ok
"/Users/lachlants/Documents/GIFs/Email/https___content.app-us1.com_cdn-cgi_image_dpr=2,fit=scale-down,format=auto,onerror=redirect,width=650_vv5PD_2024_01_12_5d95cc87-0b19-4e58-9c57-0c2ef29bf655.gif",288,288,0,0.0,1350,700,True,0,9610,,,1528,ok
/Users/lachlants/Documents/GIFs/Email/https___d15k2d11r6t6rl.cloudfront.net_public_users_Integrators_669d5713-9b6a-46bb-bd7e-c542cff6dd6a_c24ba18b0d184a68becd65689a02ad77_EMAIL_GIF_7MB%20%281%29.gif,156,-1,-1,-1,480,270,False,0,10400,,,6442,skipped_too_large
/Users/lachlants/Documents/GIFs/Email/https___gstatic.com_growthlab_api_XpkfMAWfUsWgNNUjSs9rFrQEh4lGNfiFD4VIkoTD (1).gif,219,208,11,5.0,720,480,True,0,8760,,,296,ok
/Users/lachlants/Documents/GIFs/Email/https___d3k81ch9hvuctc.cloudfront.net_company_VnK4p8_images_66f3e221-aa5e-4c71-8e84-d27c65eb098f.gif,28,28,0,0.0,1080,1080,True,0,5010,,,905,ok
/Users/lachlants/Documents/GIFs/Email/https___i1.cmail20.com_ei_i_08_105_342_csimport_970-x-250-SP.165415.gif,8,8,0,0.0,970,250,True,0,7200,,,50,ok
/Users/lachlants/Documents/GIFs/Email/https___d3b9kr64nievew.cloudfront.net_clvzic1lf0079148oye7ci19u_clwf9wdwz001w9u0puzlldws9.gif,56,34,22,39.3,780,425,False,0,1480,,,430,ok
"/Users/lachlants/Documents/GIFs/Email/https___substackcdn.com_image_fetch_w_540,c_limit,f_auto,q_auto_good,fl_progressive_steep_https%3A%2F%2Fsubstack-post-media.s3.amazonaws.com%2Fpublic%2Fimages%2F54a4bf4b-b5be-4047-b51d-ba0288b391d4_540x304.gif",128,128,0,0.0,540,304,False,0,12800,,,2849,ok
/Users/lachlants/Documents/GIFs/Email/https___i1.cmail20.com_ei_j_05_42F_D59_091032_csfinal_NoN25-Presale-Gif-Header-990000000004513c.gif,21,21,0,0.0,500,400,True,0,2100,,,1984,ok
/Users/lachlants/Documents/GIFs/Email/https___mcusercontent.com_d7f293aa839d37be44d1326dc_images_d7183ecd-e79c-41a4-2f6d-6d5d3d1fe3d0.gif,150,150,0,0.0,600,200,True,0,5010,,,577,ok
/Users/lachlants/Documents/GIFs/Email/https___mcusercontent.com_9284751802d775d29b8491886_images_99ac6bb0-5087-c5c1-c9b0-3d27c332ad28.gif,100,94,6,6.0,600,600,True,0,10000,,,999,ok
/Users/lachlants/Documents/GIFs/Email/https___d3k81ch9hvuctc.cloudfront.net_company_X9u8pE_images_49d69ebc-41c3-4373-864d-dd69e4ec8889.gif,33,33,0,0.0,568,320,True,0,3300,,,893,ok
/Users/lachlants/Documents/GIFs/Email/https___assets.nflxext.com_us_email_gem_comingsoon_calendar_v3.gif,145,145,0,0.0,670,762,True,0,5800,,,426,ok
/Users/lachlants/Documents/GIFs/Email/unnamed copy 20.gif,9,9,0,0.0,1200,1177,True,0,2800,,,1105,ok
/Users/lachlants/Documents/GIFs/Email/https___d3k81ch9hvuctc.cloudfront.net_company_SPwRP6_images_a54130f0-a9ce-42e0-b4f6-1ac8e85a20d2.gif,2,2,0,0.0,1080,1350,True,0,2600,,,1520,ok
/Users/lachlants/Documents/GIFs/Email/https___i2.cmail20.com_ei_t_6F_BBC_571_121301_csfinal_Widescreen-August-9900000000079e3c.gif,5,5,0,0.0,1200,675,True,0,5200,,,1284,ok
/Users/lachlants/Documents/GIFs/Email/https___mcusercontent.com_21cfc09295377f72f03e377c6_images_20fbd2b8-949d-1997-af5a-953cc6b6b66b.gif,94,94,0,0.0,1920,1080,True,0,3130,,,3453,ok
/Users/lachlants/Documents/GIFs/Email/https-::media.superhuman.com:images:_:https%3A%2F%2Fcontent.app-us1.com%2Fcdn-cgi%2Fimage%2Fwidth%3D650%2Cdpr%3D2%2Cfit%3Dscale-down%2Cformat%3Dauto%2Conerror%3Dredirect%2F3rZo7%2F2024%2F03%2F07%2F4e2a14ef-0ff0-41d8-aacc-b7ba26588cc8.gif,112,112,0,0.0,300,300,True,0,3360,,,4015,ok
/Users/lachlants/Documents/GIFs/Email/https___d3k81ch9hvuctc.cloudfront.net_company_REkHnd_images_07e1e84e-6205-4cb5-baba-6e27ecdfb8b9.gif,40,40,0,0.0,864,864,True,0,33470,,,1591,ok
/Users/lachlants/Documents/GIFs/Email/https___mcusercontent.com_89a526c8542b32391a02ddfec_images_0f746f0e-0489-309d-61b7-2bd48a9858cc.gif,3,3,0,0.0,864,432,True,0,6010,,,455,ok
"/Users/lachlants/Documents/GIFs/Email/https___substackcdn.com_image_fetch_w_498,c_limit,f_auto,q_auto_good,fl_progressive_steep_https%3A%2F%2Fsubstack-post-media.s3.amazonaws.com%2Fpublic%2Fimages%2Fe04d69d8-4287-41aa-9800-c442b190a650_498x281.gif",55,55,0,0.0,498,281,False,0,2750,,,3611,ok
/Users/lachlants/Documents/GIFs/Email/https___mcusercontent.com_e1c952b5986072840856bfe76_images_72fa0b8b-eea3-b7a1-24b4-63f68345e842.gif,384,-1,-1,-1,600,338,True,0,15360,,,10148,skipped_too_large
/Users/lachlants/Documents/GIFs/Email/https___content.sydneyfestivalcdn.org.au_2025_Email_Buzz_Buzz%20-%202%20Jan_buzz_second_january_2_gradient_SF_Mailchimp_Large_S_Shape.gif,3,3,0,0.0,732,780,True,0,2700,,,647,ok
/Users/lachlants/Documents/GIFs/Email/https___i2.cmail20.com_ei_t_E2_8AF_20F_231809_csfinal_Music-on-Film-9900000000079e3c.gif,4,4,0,0.0,1200,675,True,0,4000,,,1048,ok
/Users/lachlants/Documents/GIFs/Email/https___image.e.lululemon.com_lib_fe35117171640578761370_m_1_wk40-Send-2-Thurs_Email_01_HeroImage.gif,2,2,0,0.0,1240,1488,True,0,3000,,,2086,ok
/Users/lachlants/Documents/GIFs/Email/https___d3k81ch9hvuctc.cloudfront.net_company_SPwRP6_images_e0a28f76-9fd0-43b0-8558-d26ae8adae9d.gif,2,2,0,0.0,1200,600,True,0,1400,,,15,ok
/Users/lachlants/Documents/GIFs/Email/https___mcusercontent.com_5a6eda7241a0bb8bb0a2ab3bc_images_6a15a2cf-78a3-c221-2139-cbaf409aaa41.gif,43,-1,-1,-1,800,450,False,0,4300,,,6164,skipped_too_large
/Users/lachlants/Documents/GIFs/Email/https___d3k81ch9hvuctc.cloudfront.net_company_RmJNMt_images_c634dcf9-091a-4724-be0f-2fcea68d2056.gif,32,32,0,0.0,1080,1920,True,0,5110,,,905,ok
/Users/lachlants/Documents/GIFs/Email/https___d3k81ch9hvuctc.cloudfront.net_company_J7x2qR_images_a62db8ea-91fd-4958-a9af-87d66ad50c20.gif,7,7,0,0.0,1200,1400,True,0,6500,,,1592,ok
/Users/lachlants/Documents/GIFs/Email/https___mcusercontent.com_5a6eda7241a0bb8bb0a2ab3bc_images_696c45e0-d7f1-8e5f-4eca-d05c43f1491d.gif,92,-1,-1,-1,600,338,False,0,9200,,,8689,skipped_too_large
/Users/lachlants/Documents/GIFs/Email/https___mcusercontent.com_21cfc09295377f72f03e377c6_images_e9bf222d-0d87-3f28-bd6d-d78fa1a78513.gif,128,-1,-1,-1,648,648,True,0,5310,,,7660,skipped_too_large
/Users/lachlants/Documents/GIFs/Email/http___i4.cmail19.com_ei_i_3A_905_41B_csimport_QE93_ThePost_MREC1.164227.gif,3,3,0,0.0,300,250,True,0,7500,,,28,ok
/Users/lachlants/Documents/GIFs/Email/unnamed copy.gif,47,-1,-1,-1.0,880,550,True,0,3220,,,2476,engine_silent_failure
/Users/lachlants/Documents/GIFs/Email/https___media.wordfly.com_wheelercentre_emails_19-dec-24-eoy-campaign-email-6_edm-3.gif,97,97,0,0.0,524,286,True,0,7760,,,1639,ok
/Users/lachlants/Documents/GIFs/Email/https___mcusercontent.com_c8e0b816a371b71fd7138676a_images_ab8b2a85-1736-a42e-7581-64b170b38ddd.gif,121,121,0,0.0,854,480,False,0,4030,,,1768,ok
/Users/lachlants/Documents/GIFs/Email/https___d3k81ch9hvuctc.cloudfront.net_company_U2pvx3_images_78360947-1506-489f-8eab-a6003afdc834.gif,3,3,0,0.0,1098,1200,False,0,3000,,,2002,ok
/Users/lachlants/Documents/GIFs/Email/https___mcusercontent.com_9284751802d775d29b8491886_images_40d64714-96b8-35da-de41-d5db56d32745.gif,64,64,0,0.0,600,600,True,0,6400,,,4868,ok
/Users/lachlants/Documents/GIFs/Email/https___media.wordfly.com_malthousetheatre_emails_ew-2024-macbeth-audience-reactions_macbeth-edm-social-reviews-gif-v3.gif,5,5,0,0.0,1200,800,True,0,5000,,,816,ok
/Users/lachlants/Documents/GIFs/Email/unnamed copy 21.gif,39,38,1,2.6,600,338,False,0,1170,,,293,ok
/Users/lachlants/Documents/GIFs/Email/https___d3k81ch9hvuctc.cloudfront.net_company_PRQPAU_images_ec96d81c-944c-49cd-8fc5-ac9516bf9479.gif,3,3,0,0.0,1080,1497,True,0,2700,,,905,ok
/Users/lachlants/Documents/GIFs/Email/https___media.wordfly.com_perthfestival_emails_camp26-genenews-musicmadnessepps_dig-edm-asset-template-header-image-2.gif,3,3,0,0.0,1200,800,True,0,3010,,,825,ok
/Users/lachlants/Documents/GIFs/Email/https___i2.cmail20.com_ei_t_88_CA6_A45_151306_csfinal_September-Widescreen1-9900000000079e3c.gif,7,7,0,0.0,1200,675,True,0,5000,,,1648,ok
/Users/lachlants/Documents/GIFs/Email/https___mcusercontent.com_89a526c8542b32391a02ddfec_images_b0587b05-a03e-f13c-2c24-8b6ea509e924.gif,78,78,0,0.0,432,432,True,0,3110,,,2306,ok
/Users/lachlants/Documents/GIFs/Email/https___parcel-cdn.versand-status.de_img_mail_THG_engagement_gifs_MYPROTEIN_ontheway-myprotein2023_darkgreen.gif,90,90,0,0.0,600,324,True,0,2700,,,1343,ok
/Users/lachlants/Documents/GIFs/Email/https___d3k81ch9hvuctc.cloudfront.net_company_HAPdfD_images_cecc0f22-c703-4e82-978d-fbcb223aa6cc.gif,88,-1,-1,-1,1200,600,True,0,2930,,,9713,skipped_too_large
/Users/lachlants/Documents/GIFs/Email/https___media.wordfly.com_malthousetheatre_emails_ew-2024-season-2025-launch-awareness-2_edmteaser.gif,8,8,0,0.0,432,432,True,0,9000,,,109,ok
/Users/lachlants/Documents/GIFs/Email/unnamed copy 23.gif,6,6,0,0.0,1200,800,True,0,4800,,,511,ok
/Users/lachlants/Documents/GIFs/Email/https___m.media-amazon.com_images_G_15_Amazon.ca_Outbound2025_PD25_Email_Q3_PBDD_Email_CA_RE_EN_Out_PBDD_Email_Hero_Prime.gif,402,-1,-1,-1.0,1800,711,False,0,8040,,,3666,engine_silent_failure
/Users/lachlants/Documents/GIFs/Email/https___d3k81ch9hvuctc.cloudfront.net_company_PRQPAU_images_02007c34-d915-4d48-aebd-6d3f50870eaa.gif,69,69,0,0.0,672,700,True,0,5270,,,3149,ok
/Users/lachlants/Documents/GIFs/Email/https___mcusercontent.com_88adb327dcabde30998542a7d_images_e5d93e36-4464-7fa5-8433-3c2f69a32188.gif,207,205,2,1.0,700,700,True,0,10350,,,2406,ok
/Users/lachlants/Documents/GIFs/Email/https___i4.cmail20.com_ei_i_71_059_05E_csimport_SCRIBE-POST-20240730-MREC-WCAC1.163341.gif,4,4,0,0.0,300,250,True,0,15000,,,163,ok
/Users/lachlants/Documents/GIFs/Email/https___images.ctfassets.net_xny2w179f4ki_28kxJZNkL2JBwYEr8hWe1p_06645a4ea19bde195d28ff456839bf73_BFY_copiloit_gif_April_2024.gif,167,93,74,44.3,820,547,True,0,5010,,,717,ok
/Users/lachlants/Documents/GIFs/Email/https___mcusercontent.com_09202d672e6c4a5aa81916e2c_images_ea936c09-12c2-d9dd-9aea-956580b612ba.gif,3,3,0,0.0,1134,984,True,0,6000,,,687,ok
/Users/lachlants/Documents/GIFs/Email/https___media.wordfly.com_adelaidefestival_emails_mkt-insider-gp-seat-release_innocence-sequence-2.gif,42,-1,-1,-1.0,800,450,False,0,1260,,,1508,timeout
/Users/lachlants/Documents/GIFs/Email/https___d3k81ch9hvuctc.cloudfront.net_company_PZiXMr_images_ac79c488-2a0a-4536-863f-cae6e0744217.gif,3,3,0,0.0,1200,1110,True,0,1500,,,663,ok
/Users/lachlants/Documents/GIFs/Email/https___images.vialoops.com_cmm3upxu001xd0ixmruu1cz0n_cmm3xclqe01mm0izl7g78x3kq.gif,132,132,0,0.0,480,270,True,0,8790,,,3132,ok
/Users/lachlants/Documents/GIFs/Email/unnamed copy 22.gif,44,-1,-1,-1,1739,452,True,0,1760,,,5282,skipped_too_large
/Users/lachlants/Documents/GIFs/Email/https___mcusercontent.com_02daa6a2f0aa90cc9c88c656e_images_f01835b9-744d-d548-6be2-98923a2a0aca.gif,24,24,0,0.0,1000,533,False,0,24000,,,3912,ok
/Users/lachlants/Documents/GIFs/Email/https___d3k81ch9hvuctc.cloudfront.net_company_V8V4pz_images_4a92ae14-f366-42bf-8ba3-2dee9b287832.gif,4,4,0,0.0,1200,1257,True,0,1320,,,227,ok
/Users/lachlants/Documents/GIFs/Email/https___mcusercontent.com_d05a75d182d03d131553f65ca_images_98527981-d08b-3d9c-da2c-021d9e68095b.gif,25,25,0,0.0,964,538,True,0,1670,,,1686,ok
/Users/lachlants/Documents/GIFs/Email/https___mcusercontent.com_5a6eda7241a0bb8bb0a2ab3bc_images_3d9c96c1-0b7e-594d-a422-5e9db92a8195.gif,37,37,0,0.0,600,338,True,0,4700,,,776,ok
/Users/lachlants/Documents/GIFs/Email/https___d3k81ch9hvuctc.cloudfront.net_company_REkHnd_images_eae37e1e-ee85-4d01-8b95-965edefea995.gif,8,8,0,0.0,1080,1080,True,0,13710,,,562,ok
/Users/lachlants/Documents/GIFs/Email/https___d3k81ch9hvuctc.cloudfront.net_company_SPwRP6_images_26d0567d-12dd-435b-9a42-cb73cab262aa.gif,29,29,0,0.0,1080,1350,False,0,2320,,,4623,ok
/Users/lachlants/Documents/GIFs/Email/https___s.zkcdn.net_Advertisers_59a54d018e674afe9d067e8ea2d73cb3.gif,6,6,0,0.0,360,120,True,0,6000,,,35,ok
/Users/lachlants/Documents/GIFs/Email/https___mcusercontent.com_53222dcf7155dec475bbb4ed2_images_98fe70f9-a5b9-a378-24d5-18c4604d351f.gif,25,25,0,0.0,256,256,True,0,1000,,,562,ok
/Users/lachlants/Documents/GIFs/Email/https___m.media-amazon.com_images_G_01_TxNotifications_Sonar_Holiday_Ordered_Shipped_Giftboxes.gif,51,50,1,2.0,750,140,True,0,4080,,,1207,ok
/Users/lachlants/Documents/GIFs/Email/https___d3k81ch9hvuctc.cloudfront.net_company_U85BQH_images_959c9e57-53ee-43b2-8e05-c2a1d43492ce.gif,2,2,0,0.0,1000,1400,True,0,2600,,,977,ok
/Users/lachlants/Documents/GIFs/Email/https___i1.cmail20.com_ei_i_BB_C90_815_csimport_SCRIBE-POST-20240725-Banner-970x250-01.163107.gif,9,9,0,0.0,970,250,True,0,7470,,,755,ok
/Users/lachlants/Documents/GIFs/Email/https___gstatic.com_growthlab_api_XpkfMAWfUsWgNNUjSs9rFrQEh4lGNfiFD4VIkoTD.gif,219,208,11,5.0,720,480,True,0,8760,,,296,ok
/Users/lachlants/Documents/GIFs/Email/http___i3.cmail20.com_ei_i_AC_2C3_705_csimport_S2-Agatha---Schwartz-Media---MREC---300x250.165111.gif,39,38,1,2.6,600,500,True,0,13800,,,406,ok
/Users/lachlants/Documents/GIFs/Email/http___i3.cmail20.com_ei_i_31_A7F_A75_csimport_BoS-Online-300-x-250-.161147.gif,6,6,0,0.0,300,250,True,0,9000,,,91,ok
/Users/lachlants/Documents/GIFs/Email/https___mcusercontent.com_5a6eda7241a0bb8bb0a2ab3bc_images_bcf6754a-d612-66f9-54bc-9135af99be66.gif,72,-1,-1,-1,600,338,True,0,7200,,,7331,skipped_too_large
/Users/lachlants/Documents/GIFs/Email/http___cdn.mcauto-images-production.sendgrid.net_d4ef4a73d51fe844_f4963ec3-cf30-41a4-a129-9a235331272a_960x608.gif,62,-1,-1,-1.0,960,608,False,0,2880,,,3118,engine_silent_failure
/Users/lachlants/Documents/GIFs/Email/https___dm24.s3.amazonaws.com_edm_date-announce_1.gif,25,25,0,0.0,880,660,False,0,2080,,,2946,ok
"/Users/lachlants/Documents/GIFs/Email/https___content.app-us1.com_cdn-cgi_image_width=650,dpr=2,fit=scale-down,format=auto,onerror=redirect_3rZo7_2024_03_06_43c448fc-c023-4c83-842f-ac7c3227d989.gif",5,5,0,0.0,1080,1080,True,0,4000,,,2402,ok
/Users/lachlants/Documents/GIFs/Email/https___d3k81ch9hvuctc.cloudfront.net_company_VnK4p8_images_ec5c703c-c077-43bd-96ee-e1ebf083ca08.gif,46,46,0,0.0,1080,1080,True,0,5010,,,347,ok
/Users/lachlants/Documents/GIFs/Email/https___mcusercontent.com_5a6eda7241a0bb8bb0a2ab3bc_images_7b99d3ec-a4eb-bd27-9486-4051060e5f39.gif,60,-1,-1,-1,800,450,True,0,6000,,,9172,skipped_too_large
/Users/lachlants/Documents/GIFs/Email/https___q-stage.vercel.app_email_images_gif-1 (1).gif,85,85,0,0.0,150,255,False,0,8500,,,1308,ok
/Users/lachlants/Documents/GIFs/Email/https___mcusercontent.com_55c8f62a16b590163aa0065d4_images_b6a79296-ca34-ff18-94d6-43f90378fa41.gif,99,-1,-1,-1,720,900,True,0,3310,,,8923,skipped_too_large
/Users/lachlants/Documents/GIFs/Email/unnamed (1) copy.gif,115,-1,-1,-1,648,648,False,0,4610,,,12014,skipped_too_large
/Users/lachlants/Documents/GIFs/Email/https___mcusercontent.com_89a526c8542b32391a02ddfec_images_a1229787-453c-0e2a-d028-517eef44c5c5.gif,319,-1,-1,-1,720,480,True,0,10630,,,7826,skipped_too_large
/Users/lachlants/Documents/GIFs/Email/https___mcusercontent.com_73c2f0478f1b3cd8343ae8f45_images_0f150bea-a3be-fb2e-42ff-4ee931c95234.gif,100,100,0,0.0,800,312,True,0,3000,,,515,ok
/Users/lachlants/Documents/GIFs/Email/https___userimg-assets-eu.customeriomail.com_images_client-env-189532_691fd9551e7405089cb797c0_1db53df63127828fff805efcd48f77b3_NTS_15_LOGO_SCROLL_01KB0KBSGCA43TXHYDW6P2MSND.gif,150,150,0,0.0,800,374,True,0,6000,,,1002,ok
/Users/lachlants/Documents/GIFs/Email/https___mcusercontent.com_53222dcf7155dec475bbb4ed2_images_b3677dd3-419b-e6ba-055e-dfbd3fd864a6.gif,27,27,0,0.0,600,338,True,0,1080,,,871,ok
/Users/lachlants/Documents/GIFs/Email/https___d3k81ch9hvuctc.cloudfront.net_company_PRQPAU_images_c76683ea-5fd5-4563-baa9-6f38662d3826.gif,4,4,0,0.0,2250,2371,True,0,11500,,,1023,ok
/Users/lachlants/Documents/GIFs/Email/unnamed copy 25.gif,90,-1,-1,-1,600,338,False,0,9000,,,8042,skipped_too_large
/Users/lachlants/Documents/GIFs/Email/https___media.wordfly.com_wheelercentre_emails_2-june-25-members-enews_futurelove.gif,2,2,0,0.0,1080,1080,True,0,3600,,,573,ok
/Users/lachlants/Documents/GIFs/Email/unnamed copy 19.gif,2,2,0,0.0,216,216,True,0,1010,,,13,ok
/Users/lachlants/Documents/GIFs/Email/https___mcusercontent.com_a1abed4f34167bfc53cb6e02e_images_cc9850bb-caa2-9d6e-09dc-5f34f874f0dc.gif,36,35,1,2.8,1080,1080,False,0,5400,,,974,ok
/Users/lachlants/Documents/GIFs/Email/https___templates-gallery.yotpo.com_61b47c97fbbe4024a56bd876a01af71f_lib_pluginId_61b47c97fbbe4024a56bd876a01af71f_store_7cueynnYTscand1wUd6KFShrndIeBu1wgeb1fk3O_northsydneystreetspromo.gif,5,5,0,0.0,1920,1080,True,0,2730,,,2527,ok
/Users/lachlants/Documents/GIFs/Email/https___media.wordfly.com_adelaidefestival_emails_mkt-insider-first-announce-monday_coming-soon.gif,14,14,0,0.0,900,600,True,0,4170,,,49,ok
/Users/lachlants/Documents/GIFs/Email/https___d3k81ch9hvuctc.cloudfront.net_company_PRQPAU_images_db3693f7-ff30-48ca-8cc3-2157c19f95d5.gif,3,3,0,0.0,2250,4388,True,0,2100,,,2546,ok
/Users/lachlants/Documents/GIFs/Email/https___res.e.nine.com.au_res_mi9_mkt_prod1_2435035e296cc15250e0529292b193c3563a443d7a000b7a21c3b02c7713b240.gif,55,-1,-1,-1.0,600,338,False,0,5500,,,2731,timeout
/Users/lachlants/Documents/GIFs/Email/https___i1.cmail20.com_ei_i_9B_2EB_550_csimport_TM43_May-Aquisition-SwG-BB.155444.gif,4,4,0,0.0,970,250,True,0,8000,,,652,ok
/Users/lachlants/Documents/GIFs/Email/https___mcusercontent.com_82778b3ddd55eb2d0423c752b_images_c51fc173-25b9-88f0-a47a-5d7a5bd069fb.gif,85,-1,-1,-1.0,1920,1080,False,0,8170,,,757,timeout
/Users/lachlants/Documents/GIFs/Email/https___mcusercontent.com_88adb327dcabde30998542a7d_images_589ebe14-9b6d-4f64-019a-6a81896778a1.gif,7,7,0,0.0,800,1200,True,0,7000,,,1588,ok
/Users/lachlants/Documents/GIFs/Email/https___d3k81ch9hvuctc.cloudfront.net_company_REkHnd_images_d05338ea-5e02-461a-94ef-ff76b7e0c0e9.gif,85,85,0,0.0,940,788,True,0,39190,,,1554,ok
/Users/lachlants/Documents/GIFs/Email/https___media.wordfly.com_malthousetheatre_emails_ah-2025-echo-australian-reviews_echo-ben-lawson-reviews.gif,3,3,0,0.0,1920,1080,True,0,4710,,,1234,ok
/Users/lachlants/Documents/GIFs/Email/https___mcusercontent.com_55c8f62a16b590163aa0065d4_images_e1829d72-e112-325f-85c2-5100020fd95a.gif,103,103,0,0.0,720,720,True,0,5130,,,2580,ok
/Users/lachlants/Documents/GIFs/Email/https-__d3k81ch9hvuctc-1755812186758.gif,5,5,0,0.0,658,1000,True,0,2500,,,134,ok
/Users/lachlants/Documents/GIFs/Email/https___mcusercontent.com_55c8f62a16b590163aa0065d4_images_e9957e45-6184-c5ef-43e8-b10e79b5440a.gif,182,-1,-1,-1.0,480,251,True,0,6060,,,4694,timeout
/Users/lachlants/Documents/GIFs/Email/https___s.zkcdn.net_Advertisers_e9e195695eab410e8e38c4b1b3a632d2.gif,8,8,0,0.0,360,120,False,0,24000,,,51,ok
/Users/lachlants/Documents/GIFs/Email/https___d3k81ch9hvuctc.cloudfront.net_company_U85BQH_images_78853015-b6af-4704-8635-a7fcda37b540.gif,2,2,0,0.0,1000,1400,True,0,2000,,,932,ok
/Users/lachlants/Documents/GIFs/Email/unnamed copy 18.gif,196,196,0,0.0,600,408,False,0,6530,,,2184,ok
/Users/lachlants/Documents/GIFs/Email/https___d3k81ch9hvuctc.cloudfront.net_company_PRQPAU_images_8e33dbf7-bd93-4553-8c3b-42c23a574d49.gif,5,5,0,0.0,1075,1476,True,0,2000,,,2759,ok
/Users/lachlants/Documents/GIFs/Email/https___mcusercontent.com_89a526c8542b32391a02ddfec_images_d978e90a-1682-fd2e-9e1a-be867bfb0cd6.gif,112,-1,-1,-1,600,408,True,0,3930,,,6413,skipped_too_large
/Users/lachlants/Documents/GIFs/Email/unnamed copy 24.gif,9,9,0,0.0,1100,733,False,0,4500,,,2103,ok
/Users/lachlants/Documents/GIFs/Email/https___media.wordfly.com_malthousetheatre_emails_ew-2025-truth-bts_gif2.gif,4,4,0,0.0,960,640,True,0,8000,,,1300,ok
/Users/lachlants/Documents/GIFs/Email/https___content-eu-1.static.content-cms.com_s3_18420709-b684-4d50-8651-c03ca32c1558_207b12d7-4bae-4da8-afe9-2b58bdbd5e28.gif,3,3,0,0.0,640,1390,False,0,3000,,,1279,ok
/Users/lachlants/Documents/GIFs/Email/https___d3k81ch9hvuctc.cloudfront.net_company_U85BQH_images_82a45bf0-224d-4916-8fa9-1abc15aee5c3.gif,2,2,0,0.0,534,1200,True,0,2400,,,165,ok
/Users/lachlants/Documents/GIFs/Email/https___d3k81ch9hvuctc.cloudfront.net_company_Y2x94d_images_cfb7c5ec-538b-4087-8bd6-690df637c2ef.gif,9,9,0,0.0,1080,772,True,0,4470,,,3904,ok
/Users/lachlants/Documents/GIFs/Email/https___cdn.meshy.ai_email-marketing_onboarding_text-to-image.gif,75,-1,-1,-1.0,960,540,False,0,7500,,,2871,engine_silent_failure
/Users/lachlants/Documents/GIFs/Email/https___darkmofo.s3.amazonaws.com_2025_edm_08042025_cross-160px.gif,127,127,0,0.0,160,160,True,0,12700,,,59,ok
/Users/lachlants/Documents/GIFs/Email/https___media.wordfly.com_perthfestival_emails_pf26-genenews-early-release_edm-early-release.gif,3,3,0,0.0,800,561,True,0,3000,,,525,ok
/Users/lachlants/Documents/GIFs/Email/https___i6.cmail19.com_ei_j_79_845_28F_163608_csfinal_NoN25_GIF_MTHSUN_Cortex_Marie_OKEG_1x1_UPDATED-9901450b6d03cf3c.gif,3,3,0,0.0,540,540,True,0,3000,,,312,ok
